[
    {
        "fields": {
            "confirmed_at": "2017-06-21T23:37:08Z",
            "created_at": "2017-06-21T23:36:15.542Z",
            "expires_at": null,
            "last_confirmed_message": null,
            "phone": "+32472907605",
            "pin": "",
            "tries": 0
        },
        "model": "django_sms.phone",
        "pk": 1
    },
    {
        "fields": {
            "email": "simon@cloock.be",
            "first_name": "WACHTWOORD",
            "gocardless": null,
            "last_name": "NIET AANPASSEN",
            "password": "bcrypt_sha256$$2b$12$bWmzagl/iEDsh4YC2VVSh.ydW4eNKbaqPBQRLUf7zE/EfmCoB0muq",
            "password_reset": "MnrE7gQhrPklBBEIndJQQx0PLaNTwj8oqsqHzgoRrsrcCmbQESNpLbcFW7DpoKp2",
            "payconiq": null,
            "store": 4
        },
        "model": "business.staff",
        "pk": 2
    },
    {
        "fields": {
            "email": "andreas@lunchbreak.io",
            "first_name": "Andreas",
            "gocardless": null,
            "last_name": "Backx",
            "password": "bcrypt_sha256$$2b$12$twCMQOdQNuXtl1crajevBOFRqWH.o/hY/cFbFkN6w7ceGl7.DB3J.",
            "password_reset": "",
            "payconiq": null,
            "store": 2
        },
        "model": "business.staff",
        "pk": 4
    },
    {
        "fields": {
            "name": "Owner",
            "owner": true,
            "password": "bcrypt_sha256$$2a$12$8zi7HZJz1VruJ6gWzeB5Aeuzm/4gdK3rSUYgVRYbKYTemXs4FPDaC",
            "password_reset": "",
            "staff": 2
        },
        "model": "business.employee",
        "pk": 2
    },
    {
        "fields": {
            "name": "Eigenaar",
            "owner": true,
            "password": "bcrypt_sha256$$2b$12$E8Fx7VGUCD7mMP0jrSxcLuMSchDaP9OHyPtL6QwaKDfLVv63rszmK",
            "password_reset": "",
            "staff": 4
        },
        "model": "business.employee",
        "pk": 3
    },
    {
        "fields": {
            "email": null,
            "enabled": true,
            "groups": [],
            "is_staff": true,
            "is_superuser": true,
            "last_login": "2017-06-22T00:25:40.095Z",
            "name": "Andreas Backx",
            "password": "bcrypt_sha256$$2b$12$/.TMCqi4iG41H/Esut1T2utKY4VLGxDUeY4GYrhbtWF/v9Y.aLtti",
            "phone": 1,
            "user_permissions": []
        },
        "model": "customers.user"
    },
    {
        "fields": {
            "name": "Broodjeszaak"
        },
        "model": "lunch.storecategory",
        "pk": 1
    },
    {
        "fields": {
            "name": "Slager"
        },
        "model": "lunch.storecategory",
        "pk": 2
    },
    {
        "fields": {
            "name": "Bakker"
        },
        "model": "lunch.storecategory",
        "pk": 3
    },
    {
        "fields": {
            "name": "Snacks"
        },
        "model": "lunch.storecategory",
        "pk": 4
    },
    {
        "fields": {
            "name": "Gluten-vrij"
        },
        "model": "lunch.storecategory",
        "pk": 6
    },
    {
        "fields": {
            "name": "Vegetarisch"
        },
        "model": "lunch.storecategory",
        "pk": 7
    },
    {
        "fields": {
            "name": "Vegan"
        },
        "model": "lunch.storecategory",
        "pk": 8
    },
    {
        "fields": {
            "name": "Belgisch restaurant"
        },
        "model": "lunch.storecategory",
        "pk": 9
    },
    {
        "fields": {
            "name": "Pizzeria"
        },
        "model": "lunch.storecategory",
        "pk": 10
    },
    {
        "fields": {
            "name": "School"
        },
        "model": "lunch.storecategory",
        "pk": 11
    },
    {
        "fields": {
            "cash_enabled": true,
            "categories": [
                1
            ],
            "city": "Gent",
            "country": "België",
            "enabled": true,
            "gocardless_enabled": true,
            "last_modified": "2017-06-21T23:20:26.559Z",
            "latitude": "51.0403685",
            "longitude": "3.7159008",
            "name": "Balie",
            "number": "40",
            "payconiq_enabled": true,
            "postcode": "9000",
            "preorder_time": "12:00:00",
            "province": "Oost-Vlaanderen",
            "regions": [],
            "seats_max": 10,
            "street": "Baliestraat",
            "timezone": "Europe/Brussels",
            "wait": "00:30:00"
        },
        "model": "lunch.store",
        "pk": 2
    },
    {
        "fields": {
            "cash_enabled": true,
            "categories": [
                1
            ],
            "city": "Gent",
            "country": "België",
            "enabled": true,
            "gocardless_enabled": false,
            "last_modified": "2017-06-21T19:35:36.137Z",
            "latitude": "51.0325672",
            "longitude": "3.7076660",
            "name": "Apple demo",
            "number": "90",
            "payconiq_enabled": true,
            "postcode": "9000",
            "preorder_time": "18:00:00",
            "province": "Oost Vlaanderen",
            "regions": [],
            "seats_max": 10,
            "street": "Voskenslaan",
            "timezone": "Europe/Brussels",
            "wait": "01:00:00"
        },
        "model": "lunch.store",
        "pk": 4
    },
    {
        "fields": {
            "day": 1,
            "duration": "08:30:00",
            "store": 2,
            "time": "08:00:00"
        },
        "model": "lunch.openingperiod",
        "pk": 1
    },
    {
        "fields": {
            "day": 2,
            "duration": "08:00:00",
            "store": 2,
            "time": "08:30:00"
        },
        "model": "lunch.openingperiod",
        "pk": 2
    },
    {
        "fields": {
            "day": 4,
            "duration": "15:00:00",
            "store": 2,
            "time": "07:30:00"
        },
        "model": "lunch.openingperiod",
        "pk": 4
    },
    {
        "fields": {
            "day": 5,
            "duration": "07:00:00",
            "store": 2,
            "time": "07:30:00"
        },
        "model": "lunch.openingperiod",
        "pk": 5
    },
    {
        "fields": {
            "day": 3,
            "duration": "09:00:00",
            "store": 2,
            "time": "07:00:00"
        },
        "model": "lunch.openingperiod",
        "pk": 33
    },
    {
        "fields": {
            "day": 6,
            "duration": "09:00:00",
            "store": 2,
            "time": "07:00:00"
        },
        "model": "lunch.openingperiod",
        "pk": 34
    },
    {
        "fields": {
            "day": 1,
            "duration": "09:00:00",
            "store": 4,
            "time": "07:00:00"
        },
        "model": "lunch.openingperiod",
        "pk": 37
    },
    {
        "fields": {
            "day": 2,
            "duration": "09:00:00",
            "store": 4,
            "time": "07:00:00"
        },
        "model": "lunch.openingperiod",
        "pk": 38
    },
    {
        "fields": {
            "day": 3,
            "duration": "12:00:00",
            "store": 4,
            "time": "07:00:00"
        },
        "model": "lunch.openingperiod",
        "pk": 39
    },
    {
        "fields": {
            "day": 4,
            "duration": "09:00:00",
            "store": 4,
            "time": "07:00:00"
        },
        "model": "lunch.openingperiod",
        "pk": 40
    },
    {
        "fields": {
            "day": 5,
            "duration": "09:00:00",
            "store": 4,
            "time": "07:00:00"
        },
        "model": "lunch.openingperiod",
        "pk": 41
    },
    {
        "fields": {
            "day": 6,
            "duration": "09:00:00",
            "store": 4,
            "time": "07:00:00"
        },
        "model": "lunch.openingperiod",
        "pk": 42
    },
    {
        "fields": {
            "day": 7,
            "duration": "09:00:00",
            "store": 4,
            "time": "07:00:00"
        },
        "model": "lunch.openingperiod",
        "pk": 43
    },
    {
        "fields": {
            "inputtype": 0,
            "name": "Tosti",
            "quantifier": "tosti's"
        },
        "model": "lunch.foodtype",
        "pk": 1
    },
    {
        "fields": {
            "inputtype": 0,
            "name": "Belegde broodjes",
            "quantifier": "broodjes"
        },
        "model": "lunch.foodtype",
        "pk": 2
    },
    {
        "fields": {
            "inputtype": 0,
            "name": "Schotels",
            "quantifier": "personen"
        },
        "model": "lunch.foodtype",
        "pk": 3
    },
    {
        "fields": {
            "inputtype": 0,
            "name": "Salades",
            "quantifier": "salades"
        },
        "model": "lunch.foodtype",
        "pk": 4
    },
    {
        "fields": {
            "inputtype": 0,
            "name": "Pastasalades",
            "quantifier": "salades"
        },
        "model": "lunch.foodtype",
        "pk": 5
    },
    {
        "fields": {
            "inputtype": 0,
            "name": "Panini",
            "quantifier": "panini's"
        },
        "model": "lunch.foodtype",
        "pk": 6
    },
    {
        "fields": {
            "inputtype": 0,
            "name": "Snacks",
            "quantifier": null
        },
        "model": "lunch.foodtype",
        "pk": 7
    },
    {
        "fields": {
            "inputtype": 0,
            "name": "Soep",
            "quantifier": null
        },
        "model": "lunch.foodtype",
        "pk": 8
    },
    {
        "fields": {
            "inputtype": 0,
            "name": "Dranken",
            "quantifier": ""
        },
        "model": "lunch.foodtype",
        "pk": 9
    },
    {
        "fields": {
            "inputtype": 0,
            "name": "Vlees, prijs per stuk",
            "quantifier": null
        },
        "model": "lunch.foodtype",
        "pk": 10
    },
    {
        "fields": {
            "inputtype": 2,
            "name": "Vlees per stuk, prijs per gewicht",
            "quantifier": null
        },
        "model": "lunch.foodtype",
        "pk": 11
    },
    {
        "fields": {
            "inputtype": 1,
            "name": "Vlees per gewicht",
            "quantifier": null
        },
        "model": "lunch.foodtype",
        "pk": 12
    },
    {
        "fields": {
            "inputtype": 0,
            "name": "Koffie",
            "quantifier": ""
        },
        "model": "lunch.foodtype",
        "pk": 13
    },
    {
        "fields": {
            "inputtype": 0,
            "name": "Dranken Melk",
            "quantifier": ""
        },
        "model": "lunch.foodtype",
        "pk": 14
    },
    {
        "fields": {
            "inputtype": 0,
            "name": "Smoothie",
            "quantifier": "smoothies"
        },
        "model": "lunch.foodtype",
        "pk": 15
    },
    {
        "fields": {
            "inputtype": 0,
            "name": "Alcoholische dranken",
            "quantifier": ""
        },
        "model": "lunch.foodtype",
        "pk": 16
    },
    {
        "fields": {
            "inputtype": 0,
            "name": "Warme gerechten",
            "quantifier": ""
        },
        "model": "lunch.foodtype",
        "pk": 17
    },
    {
        "fields": {
            "inputtype": 0,
            "name": "Desserts",
            "quantifier": ""
        },
        "model": "lunch.foodtype",
        "pk": 18
    },
    {
        "fields": {
            "inputtype": 0,
            "name": "Shop",
            "quantifier": ""
        },
        "model": "lunch.foodtype",
        "pk": 19
    },
    {
        "fields": {
            "calculation": 1,
            "cost": 50,
            "deleted": null,
            "foodtype": 2,
            "maximum": 0,
            "minimum": 0,
            "name": "Groenten",
            "priority": 5,
            "store": 2
        },
        "model": "lunch.ingredientgroup",
        "pk": 17
    },
    {
        "fields": {
            "calculation": 2,
            "cost": 0,
            "deleted": null,
            "foodtype": 2,
            "maximum": 0,
            "minimum": 0,
            "name": "Vlees",
            "priority": 4,
            "store": 2
        },
        "model": "lunch.ingredientgroup",
        "pk": 18
    },
    {
        "fields": {
            "calculation": 2,
            "cost": 0,
            "deleted": null,
            "foodtype": 2,
            "maximum": 0,
            "minimum": 0,
            "name": "Beleg",
            "priority": 1,
            "store": 2
        },
        "model": "lunch.ingredientgroup",
        "pk": 19
    },
    {
        "fields": {
            "calculation": 2,
            "cost": 0,
            "deleted": null,
            "foodtype": 2,
            "maximum": 1,
            "minimum": 1,
            "name": "Saus",
            "priority": 6,
            "store": 2
        },
        "model": "lunch.ingredientgroup",
        "pk": 20
    },
    {
        "fields": {
            "calculation": 2,
            "cost": 0,
            "deleted": null,
            "foodtype": 2,
            "maximum": 1,
            "minimum": 1,
            "name": "Brood",
            "priority": 7,
            "store": 2
        },
        "model": "lunch.ingredientgroup",
        "pk": 22
    },
    {
        "fields": {
            "calculation": 2,
            "cost": 0,
            "deleted": null,
            "foodtype": 2,
            "maximum": 0,
            "minimum": 0,
            "name": "Kaas",
            "priority": 3,
            "store": 2
        },
        "model": "lunch.ingredientgroup",
        "pk": 23
    },
    {
        "fields": {
            "calculation": 2,
            "cost": 0,
            "deleted": null,
            "foodtype": 2,
            "maximum": 0,
            "minimum": 0,
            "name": "Vis",
            "priority": 2,
            "store": 2
        },
        "model": "lunch.ingredientgroup",
        "pk": 24
    },
    {
        "fields": {
            "calculation": 2,
            "cost": 0,
            "deleted": null,
            "foodtype": 4,
            "maximum": 1,
            "minimum": 0,
            "name": "Potje saus",
            "priority": 0,
            "store": 2
        },
        "model": "lunch.ingredientgroup",
        "pk": 25
    },
    {
        "fields": {
            "calculation": 2,
            "cost": 0,
            "deleted": null,
            "foodtype": 6,
            "maximum": 0,
            "minimum": 0,
            "name": "Kaas",
            "priority": 5,
            "store": 2
        },
        "model": "lunch.ingredientgroup",
        "pk": 26
    },
    {
        "fields": {
            "calculation": 1,
            "cost": 0,
            "deleted": null,
            "foodtype": 6,
            "maximum": 0,
            "minimum": 0,
            "name": "Groenten",
            "priority": 3,
            "store": 2
        },
        "model": "lunch.ingredientgroup",
        "pk": 27
    },
    {
        "fields": {
            "calculation": 2,
            "cost": 0,
            "deleted": null,
            "foodtype": 6,
            "maximum": 0,
            "minimum": 0,
            "name": "Vlees",
            "priority": 4,
            "store": 2
        },
        "model": "lunch.ingredientgroup",
        "pk": 28
    },
    {
        "fields": {
            "calculation": 2,
            "cost": 0,
            "deleted": null,
            "foodtype": 6,
            "maximum": 0,
            "minimum": 0,
            "name": "Beleg",
            "priority": 0,
            "store": 2
        },
        "model": "lunch.ingredientgroup",
        "pk": 29
    },
    {
        "fields": {
            "calculation": 2,
            "cost": 0,
            "deleted": null,
            "foodtype": 6,
            "maximum": 0,
            "minimum": 0,
            "name": "Vis",
            "priority": 1,
            "store": 2
        },
        "model": "lunch.ingredientgroup",
        "pk": 30
    },
    {
        "fields": {
            "calculation": 2,
            "cost": 0,
            "deleted": null,
            "foodtype": 6,
            "maximum": 0,
            "minimum": 0,
            "name": "Saus",
            "priority": 2,
            "store": 2
        },
        "model": "lunch.ingredientgroup",
        "pk": 31
    },
    {
        "fields": {
            "calculation": 2,
            "cost": 0,
            "deleted": null,
            "foodtype": 2,
            "maximum": 1,
            "minimum": 0,
            "name": "Zoet",
            "priority": 0,
            "store": 2
        },
        "model": "lunch.ingredientgroup",
        "pk": 44
    },
    {
        "fields": {
            "calculation": 2,
            "cost": 0,
            "deleted": null,
            "foodtype": 8,
            "maximum": 1,
            "minimum": 1,
            "name": "Balletjes",
            "priority": 0,
            "store": 2
        },
        "model": "lunch.ingredientgroup",
        "pk": 48
    },
    {
        "fields": {
            "calculation": 2,
            "cost": 30,
            "deleted": null,
            "foodtype": 2,
            "maximum": 0,
            "minimum": 0,
            "name": "Groenten test",
            "priority": 0,
            "store": 4
        },
        "model": "lunch.ingredientgroup",
        "pk": 49
    },
    {
        "fields": {
            "calculation": 0,
            "cost": 50,
            "deleted": null,
            "foodtype": 2,
            "maximum": 0,
            "minimum": 0,
            "name": "Always group cost test",
            "priority": 0,
            "store": 2
        },
        "model": "lunch.ingredientgroup",
        "pk": 50
    },
    {
        "fields": {
            "calculation": 2,
            "cost": 0,
            "deleted": null,
            "foodtype": 2,
            "maximum": 1,
            "minimum": 0,
            "name": "Kaas",
            "priority": 0,
            "store": 2
        },
        "model": "lunch.ingredientgroup",
        "pk": 51
    },
    {
        "fields": {
            "cost": 50,
            "deleted": null,
            "group": 18,
            "last_modified": "2017-06-21T19:35:36.327Z",
            "name": "Prépare"
        },
        "model": "lunch.ingredient",
        "pk": 54
    },
    {
        "fields": {
            "cost": 10,
            "deleted": null,
            "group": 17,
            "last_modified": "2017-06-21T19:35:36.327Z",
            "name": "Ei"
        },
        "model": "lunch.ingredient",
        "pk": 55
    },
    {
        "fields": {
            "cost": 10,
            "deleted": null,
            "group": 17,
            "last_modified": "2017-06-21T19:35:36.327Z",
            "name": "Augurk"
        },
        "model": "lunch.ingredient",
        "pk": 56
    },
    {
        "fields": {
            "cost": 10,
            "deleted": null,
            "group": 17,
            "last_modified": "2017-06-21T19:35:36.327Z",
            "name": "Komkommer"
        },
        "model": "lunch.ingredient",
        "pk": 57
    },
    {
        "fields": {
            "cost": 10,
            "deleted": null,
            "group": 17,
            "last_modified": "2017-06-21T19:35:36.327Z",
            "name": "Geroosterde ui"
        },
        "model": "lunch.ingredient",
        "pk": 58
    },
    {
        "fields": {
            "cost": 10,
            "deleted": null,
            "group": 20,
            "last_modified": "2017-06-21T19:35:36.327Z",
            "name": "Huisbereide tartare"
        },
        "model": "lunch.ingredient",
        "pk": 60
    },
    {
        "fields": {
            "cost": 10,
            "deleted": null,
            "group": 17,
            "last_modified": "2017-06-21T19:35:36.327Z",
            "name": "Ui"
        },
        "model": "lunch.ingredient",
        "pk": 61
    },
    {
        "fields": {
            "cost": 0,
            "deleted": null,
            "group": 19,
            "last_modified": "2017-06-21T19:35:36.327Z",
            "name": "Ananas"
        },
        "model": "lunch.ingredient",
        "pk": 62
    },
    {
        "fields": {
            "cost": 10,
            "deleted": null,
            "group": 20,
            "last_modified": "2017-06-21T19:35:36.327Z",
            "name": "Mosterd"
        },
        "model": "lunch.ingredient",
        "pk": 63
    },
    {
        "fields": {
            "cost": 10,
            "deleted": null,
            "group": 20,
            "last_modified": "2017-06-21T19:35:36.327Z",
            "name": "Martinosaus"
        },
        "model": "lunch.ingredient",
        "pk": 64
    },
    {
        "fields": {
            "cost": 10,
            "deleted": null,
            "group": 20,
            "last_modified": "2017-06-21T19:35:36.327Z",
            "name": "Tabasco"
        },
        "model": "lunch.ingredient",
        "pk": 65
    },
    {
        "fields": {
            "cost": 10,
            "deleted": null,
            "group": 20,
            "last_modified": "2017-06-21T19:35:36.327Z",
            "name": "Bickysaus"
        },
        "model": "lunch.ingredient",
        "pk": 66
    },
    {
        "fields": {
            "cost": 10,
            "deleted": null,
            "group": 17,
            "last_modified": "2017-06-21T19:35:36.327Z",
            "name": "Cresson"
        },
        "model": "lunch.ingredient",
        "pk": 67
    },
    {
        "fields": {
            "cost": 10,
            "deleted": null,
            "group": 18,
            "last_modified": "2017-06-21T19:35:36.328Z",
            "name": "Kipcurry"
        },
        "model": "lunch.ingredient",
        "pk": 70
    },
    {
        "fields": {
            "cost": 10,
            "deleted": null,
            "group": 17,
            "last_modified": "2017-06-21T19:35:36.328Z",
            "name": "Wortel"
        },
        "model": "lunch.ingredient",
        "pk": 71
    },
    {
        "fields": {
            "cost": 50,
            "deleted": null,
            "group": 18,
            "last_modified": "2017-06-21T19:35:36.328Z",
            "name": "Kip"
        },
        "model": "lunch.ingredient",
        "pk": 72
    },
    {
        "fields": {
            "cost": 50,
            "deleted": null,
            "group": 18,
            "last_modified": "2017-06-21T19:35:36.328Z",
            "name": "Gegrilde kip"
        },
        "model": "lunch.ingredient",
        "pk": 73
    },
    {
        "fields": {
            "cost": 10,
            "deleted": null,
            "group": 20,
            "last_modified": "2017-06-21T19:35:36.328Z",
            "name": "Pesto"
        },
        "model": "lunch.ingredient",
        "pk": 74
    },
    {
        "fields": {
            "cost": 10,
            "deleted": null,
            "group": 17,
            "last_modified": "2017-06-21T19:35:36.328Z",
            "name": "Rucola"
        },
        "model": "lunch.ingredient",
        "pk": 76
    },
    {
        "fields": {
            "cost": 50,
            "deleted": null,
            "group": 18,
            "last_modified": "2017-06-21T19:35:36.328Z",
            "name": "Kalkoenfilet"
        },
        "model": "lunch.ingredient",
        "pk": 77
    },
    {
        "fields": {
            "cost": 10,
            "deleted": null,
            "group": 20,
            "last_modified": "2017-06-21T19:35:36.328Z",
            "name": "Bieslookdressing"
        },
        "model": "lunch.ingredient",
        "pk": 78
    },
    {
        "fields": {
            "cost": 50,
            "deleted": null,
            "group": 18,
            "last_modified": "2017-06-21T19:35:36.328Z",
            "name": "Gehaktbroodje"
        },
        "model": "lunch.ingredient",
        "pk": 80
    },
    {
        "fields": {
            "cost": 10,
            "deleted": null,
            "group": 20,
            "last_modified": "2017-06-21T19:35:36.328Z",
            "name": "Ketchup"
        },
        "model": "lunch.ingredient",
        "pk": 81
    },
    {
        "fields": {
            "cost": 50,
            "deleted": null,
            "group": 18,
            "last_modified": "2017-06-21T19:35:36.328Z",
            "name": "Krokant gebakken bacon"
        },
        "model": "lunch.ingredient",
        "pk": 82
    },
    {
        "fields": {
            "cost": 10,
            "deleted": null,
            "group": 20,
            "last_modified": "2017-06-21T19:35:36.328Z",
            "name": "Honingmosterdvinaigrette"
        },
        "model": "lunch.ingredient",
        "pk": 83
    },
    {
        "fields": {
            "cost": 30,
            "deleted": null,
            "group": 22,
            "last_modified": "2017-06-21T19:35:36.328Z",
            "name": "Barra"
        },
        "model": "lunch.ingredient",
        "pk": 85
    },
    {
        "fields": {
            "cost": 50,
            "deleted": null,
            "group": 23,
            "last_modified": "2017-06-21T19:35:36.328Z",
            "name": "Mozzarella"
        },
        "model": "lunch.ingredient",
        "pk": 87
    },
    {
        "fields": {
            "cost": 10,
            "deleted": null,
            "group": 17,
            "last_modified": "2017-06-21T19:35:36.328Z",
            "name": "Zongedroogde tomaat"
        },
        "model": "lunch.ingredient",
        "pk": 88
    },
    {
        "fields": {
            "cost": 10,
            "deleted": null,
            "group": 20,
            "last_modified": "2017-06-21T19:35:36.328Z",
            "name": "Honing"
        },
        "model": "lunch.ingredient",
        "pk": 89
    },
    {
        "fields": {
            "cost": 10,
            "deleted": null,
            "group": 19,
            "last_modified": "2017-06-21T19:35:36.328Z",
            "name": "Walnoot"
        },
        "model": "lunch.ingredient",
        "pk": 90
    },
    {
        "fields": {
            "cost": 10,
            "deleted": null,
            "group": 19,
            "last_modified": "2017-06-21T19:35:36.328Z",
            "name": "Rozijnen"
        },
        "model": "lunch.ingredient",
        "pk": 91
    },
    {
        "fields": {
            "cost": 50,
            "deleted": null,
            "group": 23,
            "last_modified": "2017-06-21T19:35:36.328Z",
            "name": "Brie"
        },
        "model": "lunch.ingredient",
        "pk": 92
    },
    {
        "fields": {
            "cost": 50,
            "deleted": null,
            "group": 23,
            "last_modified": "2017-06-21T19:35:36.328Z",
            "name": "Geitenkaas"
        },
        "model": "lunch.ingredient",
        "pk": 93
    },
    {
        "fields": {
            "cost": 10,
            "deleted": null,
            "group": 19,
            "last_modified": "2017-06-21T19:35:36.328Z",
            "name": "Peer"
        },
        "model": "lunch.ingredient",
        "pk": 94
    },
    {
        "fields": {
            "cost": 10,
            "deleted": null,
            "group": 19,
            "last_modified": "2017-06-21T19:35:36.328Z",
            "name": "Pijnboompitten"
        },
        "model": "lunch.ingredient",
        "pk": 95
    },
    {
        "fields": {
            "cost": 50,
            "deleted": null,
            "group": 23,
            "last_modified": "2017-06-21T19:35:36.328Z",
            "name": "Parmezaanse kaas"
        },
        "model": "lunch.ingredient",
        "pk": 96
    },
    {
        "fields": {
            "cost": 50,
            "deleted": null,
            "group": 24,
            "last_modified": "2017-06-21T19:35:36.328Z",
            "name": "Tonijn"
        },
        "model": "lunch.ingredient",
        "pk": 97
    },
    {
        "fields": {
            "cost": 50,
            "deleted": null,
            "group": 24,
            "last_modified": "2017-06-21T19:35:36.328Z",
            "name": "Krab"
        },
        "model": "lunch.ingredient",
        "pk": 98
    },
    {
        "fields": {
            "cost": 450,
            "deleted": null,
            "group": 24,
            "last_modified": "2017-06-21T19:35:36.329Z",
            "name": "Garnaalsalade"
        },
        "model": "lunch.ingredient",
        "pk": 99
    },
    {
        "fields": {
            "cost": 350,
            "deleted": null,
            "group": 24,
            "last_modified": "2017-06-21T19:35:36.329Z",
            "name": "Gerookte zalm"
        },
        "model": "lunch.ingredient",
        "pk": 101
    },
    {
        "fields": {
            "cost": 10,
            "deleted": null,
            "group": 20,
            "last_modified": "2017-06-21T19:35:36.329Z",
            "name": "Cocktailsaus"
        },
        "model": "lunch.ingredient",
        "pk": 102
    },
    {
        "fields": {
            "cost": 10,
            "deleted": null,
            "group": 20,
            "last_modified": "2017-06-21T19:35:36.329Z",
            "name": "Kruidenkaas"
        },
        "model": "lunch.ingredient",
        "pk": 103
    },
    {
        "fields": {
            "cost": 10,
            "deleted": null,
            "group": 17,
            "last_modified": "2017-06-21T19:35:36.329Z",
            "name": "Radijs"
        },
        "model": "lunch.ingredient",
        "pk": 104
    },
    {
        "fields": {
            "cost": 100,
            "deleted": null,
            "group": 18,
            "last_modified": "2017-06-21T19:35:36.329Z",
            "name": "Rosbief"
        },
        "model": "lunch.ingredient",
        "pk": 105
    },
    {
        "fields": {
            "cost": 10,
            "deleted": null,
            "group": 24,
            "last_modified": "2017-06-21T19:35:36.329Z",
            "name": "Ansjovis"
        },
        "model": "lunch.ingredient",
        "pk": 106
    },
    {
        "fields": {
            "cost": 0,
            "deleted": null,
            "group": 25,
            "last_modified": "2017-06-21T19:35:36.329Z",
            "name": "Bieslookdressing"
        },
        "model": "lunch.ingredient",
        "pk": 107
    },
    {
        "fields": {
            "cost": 0,
            "deleted": null,
            "group": 25,
            "last_modified": "2017-06-21T19:35:36.329Z",
            "name": "Pestodressing"
        },
        "model": "lunch.ingredient",
        "pk": 108
    },
    {
        "fields": {
            "cost": 0,
            "deleted": null,
            "group": 25,
            "last_modified": "2017-06-21T19:35:36.329Z",
            "name": "Mosterdvinaigrette"
        },
        "model": "lunch.ingredient",
        "pk": 109
    },
    {
        "fields": {
            "cost": 0,
            "deleted": null,
            "group": 25,
            "last_modified": "2017-06-21T19:35:36.329Z",
            "name": "Mayonaise"
        },
        "model": "lunch.ingredient",
        "pk": 110
    },
    {
        "fields": {
            "cost": 0,
            "deleted": null,
            "group": 25,
            "last_modified": "2017-06-21T19:35:36.329Z",
            "name": "Cocktailsaus"
        },
        "model": "lunch.ingredient",
        "pk": 111
    },
    {
        "fields": {
            "cost": 0,
            "deleted": null,
            "group": 25,
            "last_modified": "2017-06-21T19:35:36.329Z",
            "name": "Huisgemaakte tartaar"
        },
        "model": "lunch.ingredient",
        "pk": 112
    },
    {
        "fields": {
            "cost": 10,
            "deleted": null,
            "group": 17,
            "last_modified": "2017-06-21T19:35:36.329Z",
            "name": "Sla"
        },
        "model": "lunch.ingredient",
        "pk": 113
    },
    {
        "fields": {
            "cost": 10,
            "deleted": null,
            "group": 20,
            "last_modified": "2017-06-21T19:35:36.329Z",
            "name": "Mayonaise"
        },
        "model": "lunch.ingredient",
        "pk": 114
    },
    {
        "fields": {
            "cost": 0,
            "deleted": null,
            "group": 22,
            "last_modified": "2017-06-21T19:35:36.329Z",
            "name": "Wit broodje"
        },
        "model": "lunch.ingredient",
        "pk": 115
    },
    {
        "fields": {
            "cost": 30,
            "deleted": null,
            "group": 22,
            "last_modified": "2017-06-21T19:35:36.329Z",
            "name": "Meergranenbroodje"
        },
        "model": "lunch.ingredient",
        "pk": 116
    },
    {
        "fields": {
            "cost": 10,
            "deleted": null,
            "group": 17,
            "last_modified": "2017-06-21T19:35:36.329Z",
            "name": "Tomaat"
        },
        "model": "lunch.ingredient",
        "pk": 117
    },
    {
        "fields": {
            "cost": 50,
            "deleted": null,
            "group": 18,
            "last_modified": "2017-06-21T19:35:36.329Z",
            "name": "Rauwe ham"
        },
        "model": "lunch.ingredient",
        "pk": 118
    },
    {
        "fields": {
            "cost": 50,
            "deleted": null,
            "group": 18,
            "last_modified": "2017-06-21T19:35:36.329Z",
            "name": "Ham"
        },
        "model": "lunch.ingredient",
        "pk": 119
    },
    {
        "fields": {
            "cost": 50,
            "deleted": null,
            "group": 23,
            "last_modified": "2017-06-21T19:35:36.330Z",
            "name": "Jonge kaas"
        },
        "model": "lunch.ingredient",
        "pk": 120
    },
    {
        "fields": {
            "cost": 10,
            "deleted": null,
            "group": 19,
            "last_modified": "2017-06-21T19:35:36.330Z",
            "name": "Schijfjes appel"
        },
        "model": "lunch.ingredient",
        "pk": 121
    },
    {
        "fields": {
            "cost": 10,
            "deleted": null,
            "group": 19,
            "last_modified": "2017-06-21T19:35:36.330Z",
            "name": "Noten"
        },
        "model": "lunch.ingredient",
        "pk": 122
    },
    {
        "fields": {
            "cost": 50,
            "deleted": null,
            "group": 19,
            "last_modified": "2017-06-21T19:35:36.330Z",
            "name": "Zachte paprikatapenade"
        },
        "model": "lunch.ingredient",
        "pk": 123
    },
    {
        "fields": {
            "cost": 50,
            "deleted": null,
            "group": 19,
            "last_modified": "2017-06-21T19:35:36.330Z",
            "name": "Courgettetapenade"
        },
        "model": "lunch.ingredient",
        "pk": 124
    },
    {
        "fields": {
            "cost": 10,
            "deleted": null,
            "group": 19,
            "last_modified": "2017-06-21T19:35:36.330Z",
            "name": "Kikkererwtentapenade"
        },
        "model": "lunch.ingredient",
        "pk": 125
    },
    {
        "fields": {
            "cost": 10,
            "deleted": null,
            "group": 19,
            "last_modified": "2017-06-21T19:35:36.330Z",
            "name": "Mix van verse groentjes"
        },
        "model": "lunch.ingredient",
        "pk": 126
    },
    {
        "fields": {
            "cost": 0,
            "deleted": null,
            "group": 19,
            "last_modified": "2017-06-21T19:35:36.330Z",
            "name": "Zwarte peper"
        },
        "model": "lunch.ingredient",
        "pk": 127
    },
    {
        "fields": {
            "cost": 50,
            "deleted": null,
            "group": 18,
            "last_modified": "2017-06-21T19:35:36.330Z",
            "name": "Mexicano XL"
        },
        "model": "lunch.ingredient",
        "pk": 128
    },
    {
        "fields": {
            "cost": 50,
            "deleted": null,
            "group": 18,
            "last_modified": "2017-06-21T19:35:36.330Z",
            "name": "Krokante kip"
        },
        "model": "lunch.ingredient",
        "pk": 129
    },
    {
        "fields": {
            "cost": 20,
            "deleted": null,
            "group": 29,
            "last_modified": "2017-06-21T19:35:36.330Z",
            "name": "Ananas"
        },
        "model": "lunch.ingredient",
        "pk": 130
    },
    {
        "fields": {
            "cost": 10,
            "deleted": null,
            "group": 29,
            "last_modified": "2017-06-21T19:35:36.330Z",
            "name": "Rozijnen"
        },
        "model": "lunch.ingredient",
        "pk": 131
    },
    {
        "fields": {
            "cost": 0,
            "deleted": null,
            "group": 29,
            "last_modified": "2017-06-21T19:35:36.330Z",
            "name": "Zwarte peper"
        },
        "model": "lunch.ingredient",
        "pk": 132
    },
    {
        "fields": {
            "cost": 10,
            "deleted": null,
            "group": 27,
            "last_modified": "2017-06-21T19:35:36.330Z",
            "name": "Tomaat"
        },
        "model": "lunch.ingredient",
        "pk": 133
    },
    {
        "fields": {
            "cost": 10,
            "deleted": null,
            "group": 27,
            "last_modified": "2017-06-21T19:35:36.330Z",
            "name": "Rucola"
        },
        "model": "lunch.ingredient",
        "pk": 134
    },
    {
        "fields": {
            "cost": 50,
            "deleted": null,
            "group": 26,
            "last_modified": "2017-06-21T19:35:36.330Z",
            "name": "Mozzarella"
        },
        "model": "lunch.ingredient",
        "pk": 135
    },
    {
        "fields": {
            "cost": 50,
            "deleted": null,
            "group": 26,
            "last_modified": "2017-06-21T19:35:36.330Z",
            "name": "Brie"
        },
        "model": "lunch.ingredient",
        "pk": 136
    },
    {
        "fields": {
            "cost": 50,
            "deleted": null,
            "group": 26,
            "last_modified": "2017-06-21T19:35:36.330Z",
            "name": "Jonge kaas"
        },
        "model": "lunch.ingredient",
        "pk": 137
    },
    {
        "fields": {
            "cost": 50,
            "deleted": null,
            "group": 26,
            "last_modified": "2017-06-21T19:35:36.330Z",
            "name": "Kruidenkaas"
        },
        "model": "lunch.ingredient",
        "pk": 138
    },
    {
        "fields": {
            "cost": 10,
            "deleted": null,
            "group": 31,
            "last_modified": "2017-06-21T19:35:36.330Z",
            "name": "Andalouse"
        },
        "model": "lunch.ingredient",
        "pk": 139
    },
    {
        "fields": {
            "cost": 10,
            "deleted": null,
            "group": 31,
            "last_modified": "2017-06-21T19:35:36.330Z",
            "name": "Curry saus"
        },
        "model": "lunch.ingredient",
        "pk": 140
    },
    {
        "fields": {
            "cost": 10,
            "deleted": null,
            "group": 31,
            "last_modified": "2017-06-21T19:35:36.330Z",
            "name": "Mayonaise"
        },
        "model": "lunch.ingredient",
        "pk": 141
    },
    {
        "fields": {
            "cost": 20,
            "deleted": null,
            "group": 30,
            "last_modified": "2017-06-21T19:35:36.331Z",
            "name": "Gerookte zalm"
        },
        "model": "lunch.ingredient",
        "pk": 142
    },
    {
        "fields": {
            "cost": 50,
            "deleted": null,
            "group": 28,
            "last_modified": "2017-06-21T19:35:36.331Z",
            "name": "Ham"
        },
        "model": "lunch.ingredient",
        "pk": 143
    },
    {
        "fields": {
            "cost": 100,
            "deleted": null,
            "group": 28,
            "last_modified": "2017-06-21T19:35:36.331Z",
            "name": "Rauwe ham"
        },
        "model": "lunch.ingredient",
        "pk": 144
    },
    {
        "fields": {
            "cost": 100,
            "deleted": null,
            "group": 28,
            "last_modified": "2017-06-21T19:35:36.331Z",
            "name": "Bacon"
        },
        "model": "lunch.ingredient",
        "pk": 145
    },
    {
        "fields": {
            "cost": 150,
            "deleted": null,
            "group": 28,
            "last_modified": "2017-06-21T19:35:36.331Z",
            "name": "Gegrilde kip"
        },
        "model": "lunch.ingredient",
        "pk": 146
    },
    {
        "fields": {
            "cost": 10,
            "deleted": null,
            "group": 31,
            "last_modified": "2017-06-21T19:35:36.331Z",
            "name": "Pesto"
        },
        "model": "lunch.ingredient",
        "pk": 147
    },
    {
        "fields": {
            "cost": 10,
            "deleted": null,
            "group": 31,
            "last_modified": "2017-06-21T19:35:36.331Z",
            "name": "Honing"
        },
        "model": "lunch.ingredient",
        "pk": 148
    },
    {
        "fields": {
            "cost": 10,
            "deleted": null,
            "group": 19,
            "last_modified": "2017-06-21T19:35:36.331Z",
            "name": "Olijfjes"
        },
        "model": "lunch.ingredient",
        "pk": 149
    },
    {
        "fields": {
            "cost": 50,
            "deleted": null,
            "group": 24,
            "last_modified": "2017-06-21T19:35:36.331Z",
            "name": "Tonijn pikant"
        },
        "model": "lunch.ingredient",
        "pk": 150
    },
    {
        "fields": {
            "cost": 10,
            "deleted": null,
            "group": 20,
            "last_modified": "2017-06-21T19:35:36.331Z",
            "name": "Curryketchup"
        },
        "model": "lunch.ingredient",
        "pk": 151
    },
    {
        "fields": {
            "cost": 10,
            "deleted": null,
            "group": 20,
            "last_modified": "2017-06-21T19:35:36.331Z",
            "name": "Andalouse"
        },
        "model": "lunch.ingredient",
        "pk": 152
    },
    {
        "fields": {
            "cost": 10,
            "deleted": null,
            "group": 20,
            "last_modified": "2017-06-21T19:35:36.331Z",
            "name": "Looksaus"
        },
        "model": "lunch.ingredient",
        "pk": 153
    },
    {
        "fields": {
            "cost": 10,
            "deleted": null,
            "group": 20,
            "last_modified": "2017-06-21T19:35:36.331Z",
            "name": "Samoerai"
        },
        "model": "lunch.ingredient",
        "pk": 154
    },
    {
        "fields": {
            "cost": 50,
            "deleted": null,
            "group": 18,
            "last_modified": "2017-06-21T19:35:36.331Z",
            "name": "Gehakt"
        },
        "model": "lunch.ingredient",
        "pk": 155
    },
    {
        "fields": {
            "cost": 50,
            "deleted": null,
            "group": 19,
            "last_modified": "2017-06-21T19:35:36.331Z",
            "name": "Aubergine tapenade"
        },
        "model": "lunch.ingredient",
        "pk": 156
    },
    {
        "fields": {
            "cost": 50,
            "deleted": null,
            "group": 18,
            "last_modified": "2017-06-21T19:35:36.331Z",
            "name": "Vleessalade"
        },
        "model": "lunch.ingredient",
        "pk": 157
    },
    {
        "fields": {
            "cost": 10,
            "deleted": null,
            "group": 19,
            "last_modified": "2017-06-21T19:35:36.332Z",
            "name": "Notenmix"
        },
        "model": "lunch.ingredient",
        "pk": 204
    },
    {
        "fields": {
            "cost": 10,
            "deleted": null,
            "group": 29,
            "last_modified": "2017-06-21T19:35:36.332Z",
            "name": "Tomatentapenade"
        },
        "model": "lunch.ingredient",
        "pk": 205
    },
    {
        "fields": {
            "cost": 50,
            "deleted": null,
            "group": 17,
            "last_modified": "2017-06-21T19:35:36.332Z",
            "name": "Eiersalade"
        },
        "model": "lunch.ingredient",
        "pk": 208
    },
    {
        "fields": {
            "cost": 50,
            "deleted": null,
            "group": 24,
            "last_modified": "2017-06-21T19:35:36.333Z",
            "name": "Zalmsalade"
        },
        "model": "lunch.ingredient",
        "pk": 223
    },
    {
        "fields": {
            "cost": 50,
            "deleted": null,
            "group": 19,
            "last_modified": "2017-06-21T19:35:36.333Z",
            "name": "Artisjoktapenade"
        },
        "model": "lunch.ingredient",
        "pk": 226
    },
    {
        "fields": {
            "cost": 50,
            "deleted": null,
            "group": 17,
            "last_modified": "2017-06-21T19:35:36.333Z",
            "name": "Mix van rauwe groentjes"
        },
        "model": "lunch.ingredient",
        "pk": 227
    },
    {
        "fields": {
            "cost": 10,
            "deleted": null,
            "group": 20,
            "last_modified": "2017-06-21T19:35:36.333Z",
            "name": "Indian currydressing"
        },
        "model": "lunch.ingredient",
        "pk": 228
    },
    {
        "fields": {
            "cost": 50,
            "deleted": null,
            "group": 19,
            "last_modified": "2017-06-21T19:35:36.333Z",
            "name": "Aspergetapenade"
        },
        "model": "lunch.ingredient",
        "pk": 229
    },
    {
        "fields": {
            "cost": 10,
            "deleted": null,
            "group": 19,
            "last_modified": "2017-06-21T19:35:36.333Z",
            "name": "Tomatentapenade"
        },
        "model": "lunch.ingredient",
        "pk": 230
    },
    {
        "fields": {
            "cost": 0,
            "deleted": null,
            "group": 18,
            "last_modified": "2017-06-21T19:35:36.333Z",
            "name": "Salami"
        },
        "model": "lunch.ingredient",
        "pk": 231
    },
    {
        "fields": {
            "cost": 0,
            "deleted": null,
            "group": 22,
            "last_modified": "2017-06-21T19:35:36.333Z",
            "name": "Sandwino"
        },
        "model": "lunch.ingredient",
        "pk": 233
    },
    {
        "fields": {
            "cost": 10,
            "deleted": null,
            "group": 17,
            "last_modified": "2017-06-21T19:35:36.333Z",
            "name": "Mais"
        },
        "model": "lunch.ingredient",
        "pk": 234
    },
    {
        "fields": {
            "cost": 50,
            "deleted": null,
            "group": 23,
            "last_modified": "2017-06-21T19:35:36.333Z",
            "name": "Kruidenkaas"
        },
        "model": "lunch.ingredient",
        "pk": 235
    },
    {
        "fields": {
            "cost": 0,
            "deleted": null,
            "group": 44,
            "last_modified": "2017-06-21T19:35:36.333Z",
            "name": "Choco"
        },
        "model": "lunch.ingredient",
        "pk": 236
    },
    {
        "fields": {
            "cost": 0,
            "deleted": null,
            "group": 44,
            "last_modified": "2017-06-21T19:35:36.333Z",
            "name": "Aardbeienconfituur"
        },
        "model": "lunch.ingredient",
        "pk": 237
    },
    {
        "fields": {
            "cost": 0,
            "deleted": null,
            "group": 44,
            "last_modified": "2017-06-21T19:35:36.333Z",
            "name": "Abrikozenconfituur"
        },
        "model": "lunch.ingredient",
        "pk": 238
    },
    {
        "fields": {
            "cost": 0,
            "deleted": null,
            "group": 44,
            "last_modified": "2017-06-21T19:35:36.333Z",
            "name": "Nutella choco en banaan"
        },
        "model": "lunch.ingredient",
        "pk": 239
    },
    {
        "fields": {
            "cost": 0,
            "deleted": null,
            "group": 44,
            "last_modified": "2017-06-21T19:35:36.333Z",
            "name": "Honing"
        },
        "model": "lunch.ingredient",
        "pk": 240
    },
    {
        "fields": {
            "cost": 0,
            "deleted": null,
            "group": 44,
            "last_modified": "2017-06-21T19:35:36.333Z",
            "name": "Speculoospasta"
        },
        "model": "lunch.ingredient",
        "pk": 241
    },
    {
        "fields": {
            "cost": 20,
            "deleted": null,
            "group": 17,
            "last_modified": "2017-06-21T19:35:36.333Z",
            "name": "Paprika mix"
        },
        "model": "lunch.ingredient",
        "pk": 242
    },
    {
        "fields": {
            "cost": 20,
            "deleted": null,
            "group": 20,
            "last_modified": "2017-06-21T19:35:36.333Z",
            "name": "Paprikayoghurt dressing"
        },
        "model": "lunch.ingredient",
        "pk": 243
    },
    {
        "fields": {
            "cost": 20,
            "deleted": null,
            "group": 19,
            "last_modified": "2017-06-21T19:35:36.333Z",
            "name": "Guacamole"
        },
        "model": "lunch.ingredient",
        "pk": 244
    },
    {
        "fields": {
            "cost": 50,
            "deleted": null,
            "group": 23,
            "last_modified": "2017-06-21T19:35:36.333Z",
            "name": "Platte kaas"
        },
        "model": "lunch.ingredient",
        "pk": 245
    },
    {
        "fields": {
            "cost": 10,
            "deleted": null,
            "group": 17,
            "last_modified": "2017-06-21T19:35:36.334Z",
            "name": "Lente ui"
        },
        "model": "lunch.ingredient",
        "pk": 246
    },
    {
        "fields": {
            "cost": 50,
            "deleted": null,
            "group": 18,
            "last_modified": "2017-06-21T19:35:36.334Z",
            "name": "Chorizo"
        },
        "model": "lunch.ingredient",
        "pk": 247
    },
    {
        "fields": {
            "cost": 10,
            "deleted": null,
            "group": 17,
            "last_modified": "2017-06-21T19:35:36.334Z",
            "name": "Basilicum"
        },
        "model": "lunch.ingredient",
        "pk": 248
    },
    {
        "fields": {
            "cost": 10,
            "deleted": null,
            "group": 17,
            "last_modified": "2017-06-21T19:35:36.334Z",
            "name": "Ijsbergsla"
        },
        "model": "lunch.ingredient",
        "pk": 249
    },
    {
        "fields": {
            "cost": 50,
            "deleted": null,
            "group": 17,
            "last_modified": "2017-06-21T19:35:36.334Z",
            "name": "Gegrilde courgette"
        },
        "model": "lunch.ingredient",
        "pk": 250
    },
    {
        "fields": {
            "cost": 25,
            "deleted": null,
            "group": 17,
            "last_modified": "2017-06-21T19:35:36.334Z",
            "name": "Asperges"
        },
        "model": "lunch.ingredient",
        "pk": 251
    },
    {
        "fields": {
            "cost": 0,
            "deleted": null,
            "group": 17,
            "last_modified": "2017-06-21T19:35:36.334Z",
            "name": "Rode ui"
        },
        "model": "lunch.ingredient",
        "pk": 252
    },
    {
        "fields": {
            "cost": 10,
            "deleted": null,
            "group": 25,
            "last_modified": "2017-06-21T19:35:36.334Z",
            "name": "Vinaigrette"
        },
        "model": "lunch.ingredient",
        "pk": 253
    },
    {
        "fields": {
            "cost": 10,
            "deleted": null,
            "group": 17,
            "last_modified": "2017-06-21T19:35:36.334Z",
            "name": "Zilverui"
        },
        "model": "lunch.ingredient",
        "pk": 254
    },
    {
        "fields": {
            "cost": 100,
            "deleted": null,
            "group": 24,
            "last_modified": "2017-06-21T19:35:36.334Z",
            "name": "Zuiderse tonijn"
        },
        "model": "lunch.ingredient",
        "pk": 262
    },
    {
        "fields": {
            "cost": 100,
            "deleted": null,
            "group": 19,
            "last_modified": "2017-06-21T19:35:36.334Z",
            "name": "Houmous"
        },
        "model": "lunch.ingredient",
        "pk": 263
    },
    {
        "fields": {
            "cost": 0,
            "deleted": null,
            "group": 20,
            "last_modified": "2017-06-21T19:35:36.334Z",
            "name": "Hawaï sausje"
        },
        "model": "lunch.ingredient",
        "pk": 264
    },
    {
        "fields": {
            "cost": 0,
            "deleted": null,
            "group": 19,
            "last_modified": "2017-06-21T19:35:36.334Z",
            "name": "Speculooscrumble"
        },
        "model": "lunch.ingredient",
        "pk": 266
    },
    {
        "fields": {
            "cost": 50,
            "deleted": null,
            "group": 18,
            "last_modified": "2017-06-21T19:35:36.334Z",
            "name": "Boulet"
        },
        "model": "lunch.ingredient",
        "pk": 267
    },
    {
        "fields": {
            "cost": 10,
            "deleted": null,
            "group": 20,
            "last_modified": "2017-06-21T19:35:36.334Z",
            "name": "Bourgy"
        },
        "model": "lunch.ingredient",
        "pk": 268
    },
    {
        "fields": {
            "cost": 20,
            "deleted": null,
            "group": 48,
            "last_modified": "2017-06-21T19:35:36.334Z",
            "name": "Met balletjes"
        },
        "model": "lunch.ingredient",
        "pk": 269
    },
    {
        "fields": {
            "cost": 0,
            "deleted": null,
            "group": 48,
            "last_modified": "2017-06-21T19:35:36.334Z",
            "name": "Zonder balletjes"
        },
        "model": "lunch.ingredient",
        "pk": 270
    },
    {
        "fields": {
            "cost": 30,
            "deleted": null,
            "group": 49,
            "last_modified": "2017-06-21T19:35:36.334Z",
            "name": "Tomaat"
        },
        "model": "lunch.ingredient",
        "pk": 271
    },
    {
        "fields": {
            "cost": 0,
            "deleted": null,
            "group": 51,
            "last_modified": "2017-06-21T19:35:36.335Z",
            "name": "Zonder kaas"
        },
        "model": "lunch.ingredient",
        "pk": 276
    },
    {
        "fields": {
            "cost": 50,
            "deleted": null,
            "group": 51,
            "last_modified": "2017-06-21T19:35:36.335Z",
            "name": "Met kaas"
        },
        "model": "lunch.ingredient",
        "pk": 277
    },
    {
        "fields": {
            "deleted": null,
            "name": "Broodjes met vlees",
            "priority": 15,
            "store": 2
        },
        "model": "lunch.menu",
        "pk": 10
    },
    {
        "fields": {
            "deleted": null,
            "name": "Broodjes met kaas",
            "priority": 13,
            "store": 2
        },
        "model": "lunch.menu",
        "pk": 11
    },
    {
        "fields": {
            "deleted": null,
            "name": "Broodjes met vis",
            "priority": 12,
            "store": 2
        },
        "model": "lunch.menu",
        "pk": 12
    },
    {
        "fields": {
            "deleted": null,
            "name": "Panini",
            "priority": 8,
            "store": 2
        },
        "model": "lunch.menu",
        "pk": 15
    },
    {
        "fields": {
            "deleted": null,
            "name": "Veggie",
            "priority": 10,
            "store": 2
        },
        "model": "lunch.menu",
        "pk": 16
    },
    {
        "fields": {
            "deleted": null,
            "name": "Warme hap",
            "priority": 9,
            "store": 2
        },
        "model": "lunch.menu",
        "pk": 17
    },
    {
        "fields": {
            "deleted": null,
            "name": "Zoet",
            "priority": 2,
            "store": 2
        },
        "model": "lunch.menu",
        "pk": 19
    },
    {
        "fields": {
            "deleted": null,
            "name": "Salades",
            "priority": 7,
            "store": 2
        },
        "model": "lunch.menu",
        "pk": 20
    },
    {
        "fields": {
            "deleted": null,
            "name": "Ontbijtbroodjes",
            "priority": 3,
            "store": 2
        },
        "model": "lunch.menu",
        "pk": 59
    },
    {
        "fields": {
            "deleted": null,
            "name": "Warme dranken take away",
            "priority": 4,
            "store": 2
        },
        "model": "lunch.menu",
        "pk": 61
    },
    {
        "fields": {
            "deleted": null,
            "name": "Broodjes met kip",
            "priority": 14,
            "store": 2
        },
        "model": "lunch.menu",
        "pk": 64
    },
    {
        "fields": {
            "deleted": null,
            "name": "Broodjes ham & kaas",
            "priority": 11,
            "store": 2
        },
        "model": "lunch.menu",
        "pk": 65
    },
    {
        "fields": {
            "deleted": null,
            "name": "Pastasalade",
            "priority": 6,
            "store": 2
        },
        "model": "lunch.menu",
        "pk": 66
    },
    {
        "fields": {
            "deleted": null,
            "name": "Soep",
            "priority": 5,
            "store": 2
        },
        "model": "lunch.menu",
        "pk": 67
    },
    {
        "fields": {
            "deleted": null,
            "name": "Suggesties deze week",
            "priority": 16,
            "store": 2
        },
        "model": "lunch.menu",
        "pk": 71
    },
    {
        "fields": {
            "deleted": null,
            "name": "Gggggggg",
            "priority": 0,
            "store": 4
        },
        "model": "lunch.menu",
        "pk": 95
    },
    {
        "fields": {
            "deleted": null,
            "foodtype": 12,
            "last_modified": "2017-06-21T19:35:36.347Z",
            "maximum": "5.000",
            "minimum": "0.020",
            "store": 2
        },
        "model": "lunch.quantity",
        "pk": 2
    },
    {
        "fields": {
            "amount": "1.000",
            "commentable": false,
            "cost": 320,
            "deleted": null,
            "description": "Ham, ei, komkommer, sla, tomaat, wortel, mayonaise",
            "enabled": true,
            "foodtype": 2,
            "ingredientgroups": [
                22,
                50
            ],
            "last_modified": "2017-06-21T19:35:36.369Z",
            "menu": 10,
            "name": "Ham",
            "preorder_days": 0,
            "priority": 11
        },
        "model": "lunch.food",
        "pk": 94
    },
    {
        "fields": {
            "amount": "1.000",
            "commentable": false,
            "cost": 350,
            "deleted": null,
            "description": "",
            "enabled": true,
            "foodtype": 2,
            "ingredientgroups": [
                22
            ],
            "last_modified": "2017-06-21T19:35:36.370Z",
            "menu": 10,
            "name": "Prépare",
            "preorder_days": 0,
            "priority": 10
        },
        "model": "lunch.food",
        "pk": 105
    },
    {
        "fields": {
            "amount": "1.000",
            "commentable": false,
            "cost": 350,
            "deleted": null,
            "description": "Prépare, cresson, ei, tomaat, mayonaise of tartare",
            "enabled": true,
            "foodtype": 2,
            "ingredientgroups": [
                22
            ],
            "last_modified": "2017-06-21T19:35:36.370Z",
            "menu": 10,
            "name": "Club Prépare",
            "preorder_days": 0,
            "priority": 9
        },
        "model": "lunch.food",
        "pk": 106
    },
    {
        "fields": {
            "amount": "1.000",
            "commentable": false,
            "cost": 350,
            "deleted": null,
            "description": "Prépare, augurk, geroosterde ui, bickysaus",
            "enabled": true,
            "foodtype": 2,
            "ingredientgroups": [
                22
            ],
            "last_modified": "2017-06-21T19:35:36.370Z",
            "menu": 10,
            "name": "Bicky",
            "preorder_days": 0,
            "priority": 8
        },
        "model": "lunch.food",
        "pk": 107
    },
    {
        "fields": {
            "amount": "1.000",
            "commentable": false,
            "cost": 350,
            "deleted": null,
            "description": "Prépare, tabasco, ansjovis, augurk, tomaat, ui, martinosaus of mosterd",
            "enabled": true,
            "foodtype": 2,
            "ingredientgroups": [
                22
            ],
            "last_modified": "2017-06-21T19:35:36.370Z",
            "menu": 10,
            "name": "Martino",
            "preorder_days": 0,
            "priority": 7
        },
        "model": "lunch.food",
        "pk": 108
    },
    {
        "fields": {
            "amount": "1.000",
            "commentable": false,
            "cost": 320,
            "deleted": null,
            "description": "Kipcurry, ei, komkommer, sla, tomaat, wortel",
            "enabled": true,
            "foodtype": 2,
            "ingredientgroups": [
                22
            ],
            "last_modified": "2017-06-21T19:35:36.370Z",
            "menu": 64,
            "name": "Kipcurry",
            "preorder_days": 0,
            "priority": 7
        },
        "model": "lunch.food",
        "pk": 109
    },
    {
        "fields": {
            "amount": "1.000",
            "commentable": false,
            "cost": 320,
            "deleted": null,
            "description": "Kipcocktail - ananas - ei - sla - cocktailsaus",
            "enabled": true,
            "foodtype": 2,
            "ingredientgroups": [
                22
            ],
            "last_modified": "2017-06-21T19:35:36.370Z",
            "menu": 64,
            "name": "Kip Hawaï",
            "preorder_days": 0,
            "priority": 5
        },
        "model": "lunch.food",
        "pk": 110
    },
    {
        "fields": {
            "amount": "1.000",
            "commentable": false,
            "cost": 400,
            "deleted": null,
            "description": "Gegrilde kip, pesto, parmezaanse kaas, rucola, tomaat",
            "enabled": true,
            "foodtype": 2,
            "ingredientgroups": [
                22
            ],
            "last_modified": "2017-06-21T19:35:36.370Z",
            "menu": 64,
            "name": "Kip Pesto",
            "preorder_days": 0,
            "priority": 4
        },
        "model": "lunch.food",
        "pk": 111
    },
    {
        "fields": {
            "amount": "1.000",
            "commentable": false,
            "cost": 350,
            "deleted": null,
            "description": "Kalkoenfilet, ei, komkommer, sla, tomaat, wortel, bieslookdressing",
            "enabled": true,
            "foodtype": 2,
            "ingredientgroups": [
                22
            ],
            "last_modified": "2017-06-21T19:35:36.370Z",
            "menu": 64,
            "name": "Fitness",
            "preorder_days": 0,
            "priority": 0
        },
        "model": "lunch.food",
        "pk": 112
    },
    {
        "fields": {
            "amount": "1.000",
            "commentable": false,
            "cost": 350,
            "deleted": null,
            "description": "Rauwe ham, augurk, cresson, mosterd",
            "enabled": true,
            "foodtype": 2,
            "ingredientgroups": [
                22
            ],
            "last_modified": "2017-06-21T19:35:36.370Z",
            "menu": 10,
            "name": "Ganda",
            "preorder_days": 0,
            "priority": 5
        },
        "model": "lunch.food",
        "pk": 113
    },
    {
        "fields": {
            "amount": "1.000",
            "commentable": false,
            "cost": 350,
            "deleted": null,
            "description": "Rauwe ham, pesto, rucola, tomaat",
            "enabled": true,
            "foodtype": 2,
            "ingredientgroups": [
                22
            ],
            "last_modified": "2017-06-21T19:35:36.370Z",
            "menu": 10,
            "name": "Italiano",
            "preorder_days": 0,
            "priority": 6
        },
        "model": "lunch.food",
        "pk": 114
    },
    {
        "fields": {
            "amount": "1.000",
            "commentable": false,
            "cost": 350,
            "deleted": null,
            "description": "Gehaktbroodje, augurk, tomaat, ui, ketchup, mosterd",
            "enabled": true,
            "foodtype": 2,
            "ingredientgroups": [
                22
            ],
            "last_modified": "2017-06-21T19:35:36.370Z",
            "menu": 10,
            "name": "Boulet",
            "preorder_days": 0,
            "priority": 4
        },
        "model": "lunch.food",
        "pk": 115
    },
    {
        "fields": {
            "amount": "1.000",
            "commentable": false,
            "cost": 380,
            "deleted": null,
            "description": "Krokant gebakken bacon, komkommer, rucola, tomaat, honingmosterdvinaigrette",
            "enabled": true,
            "foodtype": 2,
            "ingredientgroups": [
                22
            ],
            "last_modified": "2017-06-21T19:35:36.370Z",
            "menu": 10,
            "name": "Crispy bacon",
            "preorder_days": 0,
            "priority": 2
        },
        "model": "lunch.food",
        "pk": 116
    },
    {
        "fields": {
            "amount": "1.000",
            "commentable": false,
            "cost": 320,
            "deleted": null,
            "description": "Jonge kaas, ei, komkommer, sla, tomaat, wortel, mayonaise",
            "enabled": true,
            "foodtype": 2,
            "ingredientgroups": [
                22
            ],
            "last_modified": "2017-06-21T19:35:36.370Z",
            "menu": 11,
            "name": "Kaas",
            "preorder_days": 0,
            "priority": 8
        },
        "model": "lunch.food",
        "pk": 117
    },
    {
        "fields": {
            "amount": "1.000",
            "commentable": false,
            "cost": 350,
            "deleted": null,
            "description": "Mozzarella, rucola, zongedroogde tomaat, pesto",
            "enabled": true,
            "foodtype": 2,
            "ingredientgroups": [
                22
            ],
            "last_modified": "2017-06-21T19:35:36.370Z",
            "menu": 11,
            "name": "Mozzarella",
            "preorder_days": 0,
            "priority": 7
        },
        "model": "lunch.food",
        "pk": 118
    },
    {
        "fields": {
            "amount": "1.000",
            "commentable": false,
            "cost": 350,
            "deleted": null,
            "description": "Brie, rozijnen, walnoot, rucola, honing",
            "enabled": true,
            "foodtype": 2,
            "ingredientgroups": [
                22
            ],
            "last_modified": "2017-06-21T19:35:36.371Z",
            "menu": 11,
            "name": "Brie rozijn/ noot",
            "preorder_days": 0,
            "priority": 6
        },
        "model": "lunch.food",
        "pk": 119
    },
    {
        "fields": {
            "amount": "1.000",
            "commentable": false,
            "cost": 350,
            "deleted": null,
            "description": "Geitenkaas, peer, pijnboompitten, rucola, honing",
            "enabled": true,
            "foodtype": 2,
            "ingredientgroups": [
                22
            ],
            "last_modified": "2017-06-21T19:35:36.371Z",
            "menu": 11,
            "name": "Geit",
            "preorder_days": 0,
            "priority": 2
        },
        "model": "lunch.food",
        "pk": 120
    },
    {
        "fields": {
            "amount": "1.000",
            "commentable": false,
            "cost": 350,
            "deleted": null,
            "description": "Tonijn, ei, komkommer, sla, tomaat",
            "enabled": true,
            "foodtype": 2,
            "ingredientgroups": [
                22
            ],
            "last_modified": "2017-06-21T19:35:36.371Z",
            "menu": 12,
            "name": "Tonijn",
            "preorder_days": 0,
            "priority": 5
        },
        "model": "lunch.food",
        "pk": 121
    },
    {
        "fields": {
            "amount": "1.000",
            "commentable": false,
            "cost": 350,
            "deleted": null,
            "description": "Krab, ei, komkommer, sla, tomaat",
            "enabled": true,
            "foodtype": 2,
            "ingredientgroups": [
                22
            ],
            "last_modified": "2017-06-21T19:35:36.371Z",
            "menu": 12,
            "name": "Krab",
            "preorder_days": 0,
            "priority": 3
        },
        "model": "lunch.food",
        "pk": 122
    },
    {
        "fields": {
            "amount": "1.000",
            "commentable": false,
            "cost": 380,
            "deleted": null,
            "description": "Tonijn, tabasco, ansjovis, augurk, cresson, tomaat, ui",
            "enabled": true,
            "foodtype": 2,
            "ingredientgroups": [
                22
            ],
            "last_modified": "2017-06-21T19:35:36.371Z",
            "menu": 12,
            "name": "Tonijntino",
            "preorder_days": 0,
            "priority": 4
        },
        "model": "lunch.food",
        "pk": 124
    },
    {
        "fields": {
            "amount": "1.000",
            "commentable": false,
            "cost": 450,
            "deleted": null,
            "description": "Gerookte zalm, sla, tomaat, ui, cocktail of mayonaise",
            "enabled": true,
            "foodtype": 2,
            "ingredientgroups": [
                22
            ],
            "last_modified": "2017-06-21T19:35:36.371Z",
            "menu": 12,
            "name": "Gerookte Zalm",
            "preorder_days": 0,
            "priority": 1
        },
        "model": "lunch.food",
        "pk": 125
    },
    {
        "fields": {
            "amount": "1.000",
            "commentable": false,
            "cost": 450,
            "deleted": null,
            "description": "Gerookte zalm, kruidenkaas, cresson, komkommer, radijs",
            "enabled": true,
            "foodtype": 2,
            "ingredientgroups": [
                22
            ],
            "last_modified": "2017-06-21T19:35:36.371Z",
            "menu": 12,
            "name": "Zalm Spéciale",
            "preorder_days": 0,
            "priority": 0
        },
        "model": "lunch.food",
        "pk": 126
    },
    {
        "fields": {
            "amount": "1.000",
            "commentable": false,
            "cost": 350,
            "deleted": null,
            "description": "Jonge kaas, ham, ei, komkommer, sla, tomaat, wortel, mayonaise",
            "enabled": true,
            "foodtype": 2,
            "ingredientgroups": [
                22
            ],
            "last_modified": "2017-06-21T19:35:36.371Z",
            "menu": 65,
            "name": "Smos",
            "preorder_days": 0,
            "priority": 6
        },
        "model": "lunch.food",
        "pk": 127
    },
    {
        "fields": {
            "amount": "1.000",
            "commentable": false,
            "cost": 350,
            "deleted": null,
            "description": "Ananas, jonge kaas, ham, sla, tomaat, cocktailsaus",
            "enabled": true,
            "foodtype": 2,
            "ingredientgroups": [
                22
            ],
            "last_modified": "2017-06-21T19:35:36.371Z",
            "menu": 65,
            "name": "Tropical",
            "preorder_days": 0,
            "priority": 5
        },
        "model": "lunch.food",
        "pk": 128
    },
    {
        "fields": {
            "amount": "1.000",
            "commentable": false,
            "cost": 350,
            "deleted": null,
            "description": "Jonge kaas, ham, augurk, sla, tomaat, cocktailsaus, mosterd",
            "enabled": true,
            "foodtype": 2,
            "ingredientgroups": [
                22
            ],
            "last_modified": "2017-06-21T19:35:36.371Z",
            "menu": 65,
            "name": "Club Speciale",
            "preorder_days": 0,
            "priority": 4
        },
        "model": "lunch.food",
        "pk": 129
    },
    {
        "fields": {
            "amount": "1.000",
            "commentable": false,
            "cost": 350,
            "deleted": null,
            "description": "Kalkoenfilet, kruidenkaas, cresson, tomaat",
            "enabled": true,
            "foodtype": 2,
            "ingredientgroups": [
                22
            ],
            "last_modified": "2017-06-21T19:35:36.371Z",
            "menu": 64,
            "name": "Fitness Speciale",
            "preorder_days": 0,
            "priority": 1
        },
        "model": "lunch.food",
        "pk": 130
    },
    {
        "fields": {
            "amount": "1.000",
            "commentable": false,
            "cost": 400,
            "deleted": null,
            "description": "Mozzarella, rauwe ham, rucola, tomaat, pesto",
            "enabled": true,
            "foodtype": 2,
            "ingredientgroups": [
                22
            ],
            "last_modified": "2017-06-21T19:35:36.371Z",
            "menu": 65,
            "name": "Mozzarella/Ham",
            "preorder_days": 0,
            "priority": 2
        },
        "model": "lunch.food",
        "pk": 131
    },
    {
        "fields": {
            "amount": "1.000",
            "commentable": false,
            "cost": 450,
            "deleted": null,
            "description": "Parmezaanse kaas, rosbief, pijnboompitten, rucola, zongedroogde tomaat, tartaar",
            "enabled": true,
            "foodtype": 2,
            "ingredientgroups": [
                22
            ],
            "last_modified": "2017-06-21T19:35:36.371Z",
            "menu": 10,
            "name": "Petit Pain",
            "preorder_days": 0,
            "priority": 1
        },
        "model": "lunch.food",
        "pk": 132
    },
    {
        "fields": {
            "amount": "1.000",
            "commentable": false,
            "cost": 300,
            "deleted": null,
            "description": "Cresson, komkommer, sla, tomaat, wortel, bieslookdressing",
            "enabled": true,
            "foodtype": 2,
            "ingredientgroups": [
                22
            ],
            "last_modified": "2017-06-21T19:35:36.371Z",
            "menu": 16,
            "name": "Gezond",
            "preorder_days": 0,
            "priority": 1
        },
        "model": "lunch.food",
        "pk": 133
    },
    {
        "fields": {
            "amount": "1.000",
            "commentable": false,
            "cost": 300,
            "deleted": null,
            "description": "Cresson, radijs, tomaat, ui, kruidenkaas",
            "enabled": true,
            "foodtype": 2,
            "ingredientgroups": [
                22
            ],
            "last_modified": "2017-06-21T19:35:36.372Z",
            "menu": 16,
            "name": "Light",
            "preorder_days": 0,
            "priority": 0
        },
        "model": "lunch.food",
        "pk": 134
    },
    {
        "fields": {
            "amount": "1.000",
            "commentable": false,
            "cost": 320,
            "deleted": null,
            "description": "Kipcurry, ananas, sla, wortel",
            "enabled": true,
            "foodtype": 2,
            "ingredientgroups": [
                22
            ],
            "last_modified": "2017-06-21T19:35:36.372Z",
            "menu": 64,
            "name": "Kip Exotique",
            "preorder_days": 0,
            "priority": 6
        },
        "model": "lunch.food",
        "pk": 135
    },
    {
        "fields": {
            "amount": "1.000",
            "commentable": false,
            "cost": 350,
            "deleted": null,
            "description": "Schijfjes appel, brie, rucola, honing",
            "enabled": true,
            "foodtype": 2,
            "ingredientgroups": [
                19,
                22
            ],
            "last_modified": "2017-06-21T19:35:36.372Z",
            "menu": 11,
            "name": "Brie Appel",
            "preorder_days": 0,
            "priority": 5
        },
        "model": "lunch.food",
        "pk": 136
    },
    {
        "fields": {
            "amount": "1.000",
            "commentable": false,
            "cost": 320,
            "deleted": null,
            "description": "Kruidenkaas, cresson, komkommer, tomaat",
            "enabled": true,
            "foodtype": 2,
            "ingredientgroups": [
                22
            ],
            "last_modified": "2017-06-21T19:35:36.372Z",
            "menu": 11,
            "name": "Kruidenkaas",
            "preorder_days": 0,
            "priority": 0
        },
        "model": "lunch.food",
        "pk": 137
    },
    {
        "fields": {
            "amount": "1.000",
            "commentable": false,
            "cost": 400,
            "deleted": null,
            "description": "Brie, krokant gebakken bacon, noten, rucola, honing",
            "enabled": true,
            "foodtype": 2,
            "ingredientgroups": [
                22
            ],
            "last_modified": "2017-06-21T19:35:36.372Z",
            "menu": 11,
            "name": "Brie Bacon",
            "preorder_days": 0,
            "priority": 3
        },
        "model": "lunch.food",
        "pk": 138
    },
    {
        "fields": {
            "amount": "1.000",
            "commentable": false,
            "cost": 350,
            "deleted": null,
            "description": "Zachte paprikatapenade, mix van verse groentjes, rucola",
            "enabled": true,
            "foodtype": 2,
            "ingredientgroups": [
                22
            ],
            "last_modified": "2017-06-21T19:35:36.372Z",
            "menu": 16,
            "name": "Paprika",
            "preorder_days": 0,
            "priority": 4
        },
        "model": "lunch.food",
        "pk": 139
    },
    {
        "fields": {
            "amount": "1.000",
            "commentable": false,
            "cost": 350,
            "deleted": null,
            "description": "Courgettetapenade, zwarte peper, cresson, radijs",
            "enabled": true,
            "foodtype": 2,
            "ingredientgroups": [
                22
            ],
            "last_modified": "2017-06-21T19:35:36.372Z",
            "menu": 16,
            "name": "Courgette",
            "preorder_days": 0,
            "priority": 3
        },
        "model": "lunch.food",
        "pk": 140
    },
    {
        "fields": {
            "amount": "1.000",
            "commentable": false,
            "cost": 370,
            "deleted": null,
            "description": "Mexicano XL, augurk, geroosterde ui, bickysaus",
            "enabled": true,
            "foodtype": 2,
            "ingredientgroups": [
                22
            ],
            "last_modified": "2017-06-21T19:35:36.372Z",
            "menu": 17,
            "name": "Mexicano",
            "preorder_days": 0,
            "priority": 2
        },
        "model": "lunch.food",
        "pk": 142
    },
    {
        "fields": {
            "amount": "1.000",
            "commentable": false,
            "cost": 370,
            "deleted": null,
            "description": "Krokante kip, komkommer, sla, tomaat, wortel, mayonaise of andere saus naar keuze",
            "enabled": true,
            "foodtype": 2,
            "ingredientgroups": [
                22
            ],
            "last_modified": "2017-06-21T19:35:36.372Z",
            "menu": 17,
            "name": "Kip krokant",
            "preorder_days": 0,
            "priority": 1
        },
        "model": "lunch.food",
        "pk": 143
    },
    {
        "fields": {
            "amount": "1.000",
            "commentable": false,
            "cost": 350,
            "deleted": null,
            "description": "Ham, mozzarella",
            "enabled": true,
            "foodtype": 6,
            "ingredientgroups": [
                31
            ],
            "last_modified": "2017-06-21T19:35:36.372Z",
            "menu": 15,
            "name": "Panini Ham/kaas",
            "preorder_days": 0,
            "priority": 8
        },
        "model": "lunch.food",
        "pk": 145
    },
    {
        "fields": {
            "amount": "1.000",
            "commentable": false,
            "cost": 370,
            "deleted": null,
            "description": "Ananas, ham, mozzarella",
            "enabled": true,
            "foodtype": 6,
            "ingredientgroups": [
                31
            ],
            "last_modified": "2017-06-21T19:35:36.372Z",
            "menu": 15,
            "name": "Panini Hawaï",
            "preorder_days": 0,
            "priority": 7
        },
        "model": "lunch.food",
        "pk": 146
    },
    {
        "fields": {
            "amount": "1.000",
            "commentable": false,
            "cost": 350,
            "deleted": null,
            "description": "Mozzarella, pesto, tomaat",
            "enabled": true,
            "foodtype": 6,
            "ingredientgroups": [
                31
            ],
            "last_modified": "2017-06-21T19:35:36.372Z",
            "menu": 15,
            "name": "Panini Mozzarella",
            "preorder_days": 0,
            "priority": 6
        },
        "model": "lunch.food",
        "pk": 147
    },
    {
        "fields": {
            "amount": "1.000",
            "commentable": false,
            "cost": 400,
            "deleted": null,
            "description": "Mozzarella, pesto, rauwe ham, tomaat",
            "enabled": true,
            "foodtype": 6,
            "ingredientgroups": [
                31
            ],
            "last_modified": "2017-06-21T19:35:36.372Z",
            "menu": 15,
            "name": "Panini Italiano",
            "preorder_days": 0,
            "priority": 5
        },
        "model": "lunch.food",
        "pk": 148
    },
    {
        "fields": {
            "amount": "1.000",
            "commentable": false,
            "cost": 400,
            "deleted": null,
            "description": "Brie, honing, rozijnen",
            "enabled": true,
            "foodtype": 6,
            "ingredientgroups": [
                31
            ],
            "last_modified": "2017-06-21T19:35:36.373Z",
            "menu": 15,
            "name": "Panini Brie",
            "preorder_days": 0,
            "priority": 4
        },
        "model": "lunch.food",
        "pk": 149
    },
    {
        "fields": {
            "amount": "1.000",
            "commentable": false,
            "cost": 450,
            "deleted": null,
            "description": "Bacon, brie, honing",
            "enabled": true,
            "foodtype": 6,
            "ingredientgroups": [
                31
            ],
            "last_modified": "2017-06-21T19:35:36.373Z",
            "menu": 15,
            "name": "Panini Brie & Bacon",
            "preorder_days": 0,
            "priority": 3
        },
        "model": "lunch.food",
        "pk": 150
    },
    {
        "fields": {
            "amount": "1.000",
            "commentable": false,
            "cost": 450,
            "deleted": null,
            "description": "Brie, jonge kaas, mozzarella, tomaat, zwarte peper",
            "enabled": true,
            "foodtype": 6,
            "ingredientgroups": [
                31
            ],
            "last_modified": "2017-06-21T19:35:36.373Z",
            "menu": 15,
            "name": "Panini 3 Kazen",
            "preorder_days": 0,
            "priority": 2
        },
        "model": "lunch.food",
        "pk": 151
    },
    {
        "fields": {
            "amount": "1.000",
            "commentable": false,
            "cost": 400,
            "deleted": null,
            "description": "Gegrilde kip, mozzarella, andalouse of curry saus",
            "enabled": true,
            "foodtype": 6,
            "ingredientgroups": [
                31
            ],
            "last_modified": "2017-06-21T19:35:36.373Z",
            "menu": 15,
            "name": "Panini Kip",
            "preorder_days": 0,
            "priority": 1
        },
        "model": "lunch.food",
        "pk": 152
    },
    {
        "fields": {
            "amount": "1.000",
            "commentable": false,
            "cost": 450,
            "deleted": null,
            "description": "Gerookte zalm, kruidenkaas, rucola",
            "enabled": true,
            "foodtype": 6,
            "ingredientgroups": [
                31
            ],
            "last_modified": "2017-06-21T19:35:36.373Z",
            "menu": 15,
            "name": "Panini Zalm",
            "preorder_days": 0,
            "priority": 0
        },
        "model": "lunch.food",
        "pk": 153
    },
    {
        "fields": {
            "amount": "1.000",
            "commentable": false,
            "cost": 400,
            "deleted": null,
            "description": "Gegrilde kip, huisbereide tartare, komkommer, sla, tomaat",
            "enabled": true,
            "foodtype": 2,
            "ingredientgroups": [
                22
            ],
            "last_modified": "2017-06-21T19:35:36.373Z",
            "menu": 64,
            "name": "Kip tartare",
            "preorder_days": 0,
            "priority": 3
        },
        "model": "lunch.food",
        "pk": 154
    },
    {
        "fields": {
            "amount": "1.000",
            "commentable": false,
            "cost": 100,
            "deleted": null,
            "description": "",
            "enabled": true,
            "foodtype": 7,
            "ingredientgroups": [],
            "last_modified": "2017-06-21T19:35:36.373Z",
            "menu": 19,
            "name": "Donut",
            "preorder_days": 0,
            "priority": 5
        },
        "model": "lunch.food",
        "pk": 164
    },
    {
        "fields": {
            "amount": "1.000",
            "commentable": false,
            "cost": 140,
            "deleted": null,
            "description": "",
            "enabled": true,
            "foodtype": 7,
            "ingredientgroups": [],
            "last_modified": "2017-06-21T19:35:36.373Z",
            "menu": 19,
            "name": "Muffin vanille/chocolade",
            "preorder_days": 0,
            "priority": 3
        },
        "model": "lunch.food",
        "pk": 165
    },
    {
        "fields": {
            "amount": "1.000",
            "commentable": false,
            "cost": 140,
            "deleted": null,
            "description": "",
            "enabled": true,
            "foodtype": 7,
            "ingredientgroups": [],
            "last_modified": "2017-06-21T19:35:36.373Z",
            "menu": 19,
            "name": "Muffin chocolade",
            "preorder_days": 0,
            "priority": 4
        },
        "model": "lunch.food",
        "pk": 168
    },
    {
        "fields": {
            "amount": "1.000",
            "commentable": false,
            "cost": 150,
            "deleted": null,
            "description": "",
            "enabled": true,
            "foodtype": 7,
            "ingredientgroups": [],
            "last_modified": "2017-06-21T19:35:36.373Z",
            "menu": 19,
            "name": "Rijsttaart",
            "preorder_days": 0,
            "priority": 0
        },
        "model": "lunch.food",
        "pk": 170
    },
    {
        "fields": {
            "amount": "1.000",
            "commentable": false,
            "cost": 900,
            "deleted": null,
            "description": "Salade, tonijn, tomaat, komkommer, wortel, ei, rode ui\nStokbroodje\nSausje naar keuze",
            "enabled": true,
            "foodtype": 4,
            "ingredientgroups": [
                25
            ],
            "last_modified": "2017-06-21T19:35:36.373Z",
            "menu": 20,
            "name": "Tonijn",
            "preorder_days": 0,
            "priority": 3
        },
        "model": "lunch.food",
        "pk": 172
    },
    {
        "fields": {
            "amount": "1.000",
            "commentable": false,
            "cost": 800,
            "deleted": null,
            "description": "Salade, gegrilde kip, tomaat, kommer, wortel, ei, mais\nStokbroodje\nSausje naar keuze",
            "enabled": true,
            "foodtype": 4,
            "ingredientgroups": [
                25
            ],
            "last_modified": "2017-06-21T19:35:36.373Z",
            "menu": 20,
            "name": "Kip",
            "preorder_days": 0,
            "priority": 4
        },
        "model": "lunch.food",
        "pk": 173
    },
    {
        "fields": {
            "amount": "1.000",
            "commentable": false,
            "cost": 900,
            "deleted": null,
            "description": "Salade, gerookte zalm, verse ui, peterselie, tomaat\nStokbroodje\nSausje naar keuze",
            "enabled": true,
            "foodtype": 4,
            "ingredientgroups": [
                25
            ],
            "last_modified": "2017-06-21T19:35:36.373Z",
            "menu": 20,
            "name": "Gerookte zalm",
            "preorder_days": 0,
            "priority": 2
        },
        "model": "lunch.food",
        "pk": 174
    },
    {
        "fields": {
            "amount": "1.000",
            "commentable": false,
            "cost": 700,
            "deleted": null,
            "description": "Rucola, mozzarella, tomaat, olijfolie, kruiden\nBroodje \nSausje naar keuze",
            "enabled": true,
            "foodtype": 4,
            "ingredientgroups": [
                25
            ],
            "last_modified": "2017-06-21T19:35:36.373Z",
            "menu": 20,
            "name": "Mozzarella",
            "preorder_days": 0,
            "priority": 1
        },
        "model": "lunch.food",
        "pk": 175
    },
    {
        "fields": {
            "amount": "1.000",
            "commentable": false,
            "cost": 850,
            "deleted": null,
            "description": "Rucola, mozzarella, rauwe ham, tomaat, olijfolie, kruiden",
            "enabled": true,
            "foodtype": 4,
            "ingredientgroups": [
                25
            ],
            "last_modified": "2017-06-21T19:35:36.374Z",
            "menu": 20,
            "name": "Italiano",
            "preorder_days": 0,
            "priority": 0
        },
        "model": "lunch.food",
        "pk": 176
    },
    {
        "fields": {
            "amount": "1.000",
            "commentable": false,
            "cost": 500,
            "deleted": null,
            "description": "",
            "enabled": true,
            "foodtype": 4,
            "ingredientgroups": [
                25
            ],
            "last_modified": "2017-06-21T19:35:36.374Z",
            "menu": 20,
            "name": "Basic",
            "preorder_days": 0,
            "priority": 5
        },
        "model": "lunch.food",
        "pk": 191
    },
    {
        "fields": {
            "amount": "1.000",
            "commentable": false,
            "cost": 200,
            "deleted": null,
            "description": "",
            "enabled": true,
            "foodtype": 2,
            "ingredientgroups": [
                22
            ],
            "last_modified": "2017-06-21T19:35:36.382Z",
            "menu": 59,
            "name": "Nutella choco",
            "preorder_days": 0,
            "priority": 0
        },
        "model": "lunch.food",
        "pk": 391
    },
    {
        "fields": {
            "amount": "1.000",
            "commentable": false,
            "cost": 280,
            "deleted": null,
            "description": "",
            "enabled": true,
            "foodtype": 2,
            "ingredientgroups": [
                22
            ],
            "last_modified": "2017-06-21T19:35:36.382Z",
            "menu": 59,
            "name": "Nutella choco en banaan",
            "preorder_days": 0,
            "priority": 0
        },
        "model": "lunch.food",
        "pk": 392
    },
    {
        "fields": {
            "amount": "1.000",
            "commentable": false,
            "cost": 200,
            "deleted": null,
            "description": "",
            "enabled": true,
            "foodtype": 2,
            "ingredientgroups": [
                22
            ],
            "last_modified": "2017-06-21T19:35:36.382Z",
            "menu": 59,
            "name": "Aardbeienconfituur",
            "preorder_days": 0,
            "priority": 0
        },
        "model": "lunch.food",
        "pk": 393
    },
    {
        "fields": {
            "amount": "1.000",
            "commentable": false,
            "cost": 200,
            "deleted": null,
            "description": "",
            "enabled": true,
            "foodtype": 2,
            "ingredientgroups": [
                22
            ],
            "last_modified": "2017-06-21T19:35:36.382Z",
            "menu": 59,
            "name": "Honing",
            "preorder_days": 0,
            "priority": 0
        },
        "model": "lunch.food",
        "pk": 395
    },
    {
        "fields": {
            "amount": "1.000",
            "commentable": false,
            "cost": 550,
            "deleted": null,
            "description": "",
            "enabled": true,
            "foodtype": 2,
            "ingredientgroups": [
                22
            ],
            "last_modified": "2017-06-21T19:35:36.382Z",
            "menu": 12,
            "name": "Garnaal",
            "preorder_days": 0,
            "priority": 2
        },
        "model": "lunch.food",
        "pk": 451
    },
    {
        "fields": {
            "amount": "1.000",
            "commentable": false,
            "cost": 140,
            "deleted": null,
            "description": "",
            "enabled": true,
            "foodtype": 13,
            "ingredientgroups": [],
            "last_modified": "2017-06-21T19:35:36.382Z",
            "menu": 61,
            "name": "Koffie",
            "preorder_days": 0,
            "priority": 4
        },
        "model": "lunch.food",
        "pk": 463
    },
    {
        "fields": {
            "amount": "1.000",
            "commentable": false,
            "cost": 200,
            "deleted": null,
            "description": "",
            "enabled": true,
            "foodtype": 13,
            "ingredientgroups": [],
            "last_modified": "2017-06-21T19:35:36.382Z",
            "menu": 61,
            "name": "Cappuccino",
            "preorder_days": 0,
            "priority": 2
        },
        "model": "lunch.food",
        "pk": 464
    },
    {
        "fields": {
            "amount": "1.000",
            "commentable": false,
            "cost": 200,
            "deleted": null,
            "description": "",
            "enabled": true,
            "foodtype": 13,
            "ingredientgroups": [],
            "last_modified": "2017-06-21T19:35:36.382Z",
            "menu": 61,
            "name": "Latte machiatto",
            "preorder_days": 0,
            "priority": 1
        },
        "model": "lunch.food",
        "pk": 465
    },
    {
        "fields": {
            "amount": "1.000",
            "commentable": false,
            "cost": 140,
            "deleted": null,
            "description": "",
            "enabled": true,
            "foodtype": 13,
            "ingredientgroups": [],
            "last_modified": "2017-06-21T19:35:36.382Z",
            "menu": 61,
            "name": "Thee",
            "preorder_days": 0,
            "priority": 0
        },
        "model": "lunch.food",
        "pk": 466
    },
    {
        "fields": {
            "amount": "1.000",
            "commentable": false,
            "cost": 230,
            "deleted": null,
            "description": "",
            "enabled": true,
            "foodtype": 13,
            "ingredientgroups": [],
            "last_modified": "2017-06-21T19:35:36.382Z",
            "menu": 61,
            "name": "Koffie dubbel",
            "preorder_days": 0,
            "priority": 3
        },
        "model": "lunch.food",
        "pk": 467
    },
    {
        "fields": {
            "amount": "1.000",
            "commentable": false,
            "cost": 350,
            "deleted": null,
            "description": "Gehaktbroodje - mayo - ketchup - verse ui",
            "enabled": true,
            "foodtype": 2,
            "ingredientgroups": [
                22
            ],
            "last_modified": "2017-06-21T19:35:36.384Z",
            "menu": 10,
            "name": "Boulet spéciale",
            "preorder_days": 0,
            "priority": 3
        },
        "model": "lunch.food",
        "pk": 497
    },
    {
        "fields": {
            "amount": "1.000",
            "commentable": false,
            "cost": 450,
            "deleted": null,
            "description": "Gegrilde kip - guacamole - rode ui - tomaat - ijsbergsla",
            "enabled": true,
            "foodtype": 2,
            "ingredientgroups": [
                22
            ],
            "last_modified": "2017-06-21T19:35:36.384Z",
            "menu": 64,
            "name": "Kip guacamole",
            "preorder_days": 0,
            "priority": 2
        },
        "model": "lunch.food",
        "pk": 498
    },
    {
        "fields": {
            "amount": "1.000",
            "commentable": false,
            "cost": 350,
            "deleted": null,
            "description": "",
            "enabled": true,
            "foodtype": 2,
            "ingredientgroups": [
                22
            ],
            "last_modified": "2017-06-21T19:35:36.384Z",
            "menu": 11,
            "name": "Brie pesto",
            "preorder_days": 0,
            "priority": 4
        },
        "model": "lunch.food",
        "pk": 499
    },
    {
        "fields": {
            "amount": "1.000",
            "commentable": false,
            "cost": 350,
            "deleted": null,
            "description": "",
            "enabled": true,
            "foodtype": 2,
            "ingredientgroups": [
                22
            ],
            "last_modified": "2017-06-21T19:35:36.384Z",
            "menu": 11,
            "name": "Geit paprika",
            "preorder_days": 0,
            "priority": 1
        },
        "model": "lunch.food",
        "pk": 500
    },
    {
        "fields": {
            "amount": "1.000",
            "commentable": false,
            "cost": 400,
            "deleted": null,
            "description": "",
            "enabled": true,
            "foodtype": 2,
            "ingredientgroups": [
                22
            ],
            "last_modified": "2017-06-21T19:35:36.384Z",
            "menu": 65,
            "name": "Geit/Italiaanse ham",
            "preorder_days": 0,
            "priority": 0
        },
        "model": "lunch.food",
        "pk": 501
    },
    {
        "fields": {
            "amount": "1.000",
            "commentable": false,
            "cost": 350,
            "deleted": null,
            "description": "",
            "enabled": true,
            "foodtype": 2,
            "ingredientgroups": [
                22
            ],
            "last_modified": "2017-06-21T19:35:36.384Z",
            "menu": 16,
            "name": "Tomaat",
            "preorder_days": 0,
            "priority": 0
        },
        "model": "lunch.food",
        "pk": 502
    },
    {
        "fields": {
            "amount": "1.000",
            "commentable": false,
            "cost": 280,
            "deleted": null,
            "description": "",
            "enabled": true,
            "foodtype": 2,
            "ingredientgroups": [
                22
            ],
            "last_modified": "2017-06-21T19:35:36.384Z",
            "menu": 16,
            "name": "Eiersalade",
            "preorder_days": 0,
            "priority": 0
        },
        "model": "lunch.food",
        "pk": 503
    },
    {
        "fields": {
            "amount": "1.000",
            "commentable": false,
            "cost": 180,
            "deleted": null,
            "description": "",
            "enabled": true,
            "foodtype": 18,
            "ingredientgroups": [],
            "last_modified": "2017-06-21T19:35:36.384Z",
            "menu": 19,
            "name": "Muffin Nutella",
            "preorder_days": 0,
            "priority": 1
        },
        "model": "lunch.food",
        "pk": 504
    },
    {
        "fields": {
            "amount": "1.000",
            "commentable": false,
            "cost": 500,
            "deleted": null,
            "description": "Gegrilde kip - pesto - kerstomaat - parmezaan - rucola",
            "enabled": true,
            "foodtype": 5,
            "ingredientgroups": [],
            "last_modified": "2017-06-21T19:35:36.385Z",
            "menu": 66,
            "name": "Pasta kip",
            "preorder_days": 0,
            "priority": 0
        },
        "model": "lunch.food",
        "pk": 505
    },
    {
        "fields": {
            "amount": "1.000",
            "commentable": false,
            "cost": 500,
            "deleted": null,
            "description": "Hamblokjes - ei - tomaat - komkommer - bieslookdressing",
            "enabled": true,
            "foodtype": 5,
            "ingredientgroups": [],
            "last_modified": "2017-06-21T19:35:36.385Z",
            "menu": 66,
            "name": "Pasta ham",
            "preorder_days": 0,
            "priority": 0
        },
        "model": "lunch.food",
        "pk": 506
    },
    {
        "fields": {
            "amount": "1.000",
            "commentable": false,
            "cost": 280,
            "deleted": null,
            "description": "",
            "enabled": true,
            "foodtype": 8,
            "ingredientgroups": [],
            "last_modified": "2017-06-21T19:35:36.385Z",
            "menu": 67,
            "name": "Tomatensoep",
            "preorder_days": 0,
            "priority": 5
        },
        "model": "lunch.food",
        "pk": 507
    },
    {
        "fields": {
            "amount": "1.000",
            "commentable": false,
            "cost": 300,
            "deleted": null,
            "description": "",
            "enabled": true,
            "foodtype": 8,
            "ingredientgroups": [],
            "last_modified": "2017-06-21T19:35:36.385Z",
            "menu": 67,
            "name": "Tomatensoep met balletjes",
            "preorder_days": 0,
            "priority": 4
        },
        "model": "lunch.food",
        "pk": 508
    },
    {
        "fields": {
            "amount": "1.000",
            "commentable": false,
            "cost": 100,
            "deleted": null,
            "description": "",
            "enabled": true,
            "foodtype": 8,
            "ingredientgroups": [],
            "last_modified": "2017-06-21T19:35:36.385Z",
            "menu": 67,
            "name": "Brood & boter",
            "preorder_days": 0,
            "priority": 2
        },
        "model": "lunch.food",
        "pk": 510
    },
    {
        "fields": {
            "amount": "1.000",
            "commentable": false,
            "cost": 600,
            "deleted": null,
            "description": "",
            "enabled": true,
            "foodtype": 8,
            "ingredientgroups": [],
            "last_modified": "2017-06-21T19:35:36.385Z",
            "menu": 67,
            "name": "Tomatensoep 1 liter",
            "preorder_days": 0,
            "priority": 1
        },
        "model": "lunch.food",
        "pk": 511
    },
    {
        "fields": {
            "amount": "1.000",
            "commentable": false,
            "cost": 600,
            "deleted": null,
            "description": "",
            "enabled": true,
            "foodtype": 8,
            "ingredientgroups": [],
            "last_modified": "2017-06-21T19:35:36.385Z",
            "menu": 67,
            "name": "Dagsoep 1 liter",
            "preorder_days": 0,
            "priority": 0
        },
        "model": "lunch.food",
        "pk": 512
    },
    {
        "fields": {
            "amount": "1.000",
            "commentable": false,
            "cost": 280,
            "deleted": null,
            "description": "",
            "enabled": true,
            "foodtype": 8,
            "ingredientgroups": [],
            "last_modified": "2017-06-21T19:35:36.385Z",
            "menu": 67,
            "name": "Dagsoep",
            "preorder_days": 0,
            "priority": 3
        },
        "model": "lunch.food",
        "pk": 558
    },
    {
        "fields": {
            "amount": "1.000",
            "commentable": false,
            "cost": 180,
            "deleted": null,
            "description": "",
            "enabled": true,
            "foodtype": 18,
            "ingredientgroups": [],
            "last_modified": "2017-06-21T19:35:36.385Z",
            "menu": 19,
            "name": "Muffin appel",
            "preorder_days": 0,
            "priority": 2
        },
        "model": "lunch.food",
        "pk": 559
    },
    {
        "fields": {
            "amount": "1.000",
            "commentable": false,
            "cost": 160,
            "deleted": null,
            "description": "",
            "enabled": true,
            "foodtype": 18,
            "ingredientgroups": [],
            "last_modified": "2017-06-21T19:35:36.385Z",
            "menu": 19,
            "name": "Wortelcake",
            "preorder_days": 0,
            "priority": 0
        },
        "model": "lunch.food",
        "pk": 560
    },
    {
        "fields": {
            "amount": "1.000",
            "commentable": false,
            "cost": 300,
            "deleted": null,
            "description": "",
            "enabled": true,
            "foodtype": 8,
            "ingredientgroups": [],
            "last_modified": "2017-06-21T19:35:36.386Z",
            "menu": 71,
            "name": "Tomatensoep",
            "preorder_days": 0,
            "priority": 3
        },
        "model": "lunch.food",
        "pk": 599
    },
    {
        "fields": {
            "amount": "1.000",
            "commentable": false,
            "cost": 280,
            "deleted": null,
            "description": "",
            "enabled": true,
            "foodtype": 8,
            "ingredientgroups": [],
            "last_modified": "2017-06-21T19:35:36.387Z",
            "menu": 71,
            "name": "Paprikasoep",
            "preorder_days": 0,
            "priority": 4
        },
        "model": "lunch.food",
        "pk": 612
    },
    {
        "fields": {
            "amount": "1.000",
            "commentable": false,
            "cost": 380,
            "deleted": null,
            "description": "",
            "enabled": true,
            "foodtype": 6,
            "ingredientgroups": [],
            "last_modified": "2017-06-21T19:35:36.387Z",
            "menu": 71,
            "name": "Panini ham mozzarella ananas hawaisausje",
            "preorder_days": 0,
            "priority": 2
        },
        "model": "lunch.food",
        "pk": 613
    },
    {
        "fields": {
            "amount": "1.000",
            "commentable": false,
            "cost": 400,
            "deleted": null,
            "description": "",
            "enabled": true,
            "foodtype": 2,
            "ingredientgroups": [],
            "last_modified": "2017-06-21T19:35:36.387Z",
            "menu": 71,
            "name": "Meergranenbroodje adamametapenade (groene sojaboontjes) tomaat komkommer cresson",
            "preorder_days": 0,
            "priority": 1
        },
        "model": "lunch.food",
        "pk": 614
    },
    {
        "fields": {
            "amount": "1.000",
            "commentable": false,
            "cost": 450,
            "deleted": null,
            "description": "",
            "enabled": true,
            "foodtype": 2,
            "ingredientgroups": [],
            "last_modified": "2017-06-21T19:35:36.387Z",
            "menu": 71,
            "name": "Broodje gerookte zalm roomkaas groentenmix koriander",
            "preorder_days": 0,
            "priority": 0
        },
        "model": "lunch.food",
        "pk": 615
    },
    {
        "fields": {
            "amount": "1.000",
            "commentable": false,
            "cost": 170,
            "deleted": null,
            "description": "Kleine potjes chocolademousse! Hmmm!",
            "enabled": true,
            "foodtype": 18,
            "ingredientgroups": [],
            "last_modified": "2017-06-21T23:44:07.841Z",
            "menu": 71,
            "name": "Chocolademousse",
            "preorder_days": 0,
            "priority": 6
        },
        "model": "lunch.food",
        "pk": 616
    },
    {
        "fields": {
            "amount": "1.000",
            "commentable": false,
            "cost": 200,
            "deleted": null,
            "description": "",
            "enabled": true,
            "foodtype": 18,
            "ingredientgroups": [],
            "last_modified": "2017-06-21T19:35:36.387Z",
            "menu": 71,
            "name": "Chocoladetaart",
            "preorder_days": 0,
            "priority": 5
        },
        "model": "lunch.food",
        "pk": 617
    },
    {
        "fields": {
            "amount": "0.100",
            "commentable": false,
            "cost": 500,
            "deleted": null,
            "description": "Varkensgehakt per kg!",
            "enabled": true,
            "foodtype": 12,
            "ingredientgroups": [],
            "last_modified": "2017-06-22T00:26:37.118Z",
            "menu": 71,
            "name": "Gehakt",
            "preorder_days": 0,
            "priority": 8
        },
        "model": "lunch.food",
        "pk": 777
    },
    {
        "fields": {
            "amount": "1.000",
            "commentable": false,
            "cost": 1000,
            "deleted": null,
            "description": "Testest",
            "enabled": true,
            "foodtype": 17,
            "ingredientgroups": [],
            "last_modified": "2017-06-21T19:35:36.398Z",
            "menu": 71,
            "name": "Ovenschotel",
            "preorder_days": 1,
            "priority": 0
        },
        "model": "lunch.food",
        "pk": 778
    },
    {
        "fields": {
            "amount": "1.000",
            "commentable": false,
            "cost": 1200,
            "deleted": null,
            "description": "",
            "enabled": true,
            "foodtype": 3,
            "ingredientgroups": [],
            "last_modified": "2017-06-21T19:35:36.398Z",
            "menu": 71,
            "name": "Ovenschotel 2",
            "preorder_days": 2,
            "priority": 0
        },
        "model": "lunch.food",
        "pk": 779
    },
    {
        "fields": {
            "amount": "0.200",
            "commentable": false,
            "cost": 500,
            "deleted": null,
            "description": "Lekkere hamburgers 200g per stuk!",
            "enabled": true,
            "foodtype": 11,
            "ingredientgroups": [],
            "last_modified": "2017-06-21T23:43:31.366Z",
            "menu": 71,
            "name": "Hamburgers",
            "preorder_days": 0,
            "priority": 7
        },
        "model": "lunch.food",
        "pk": 780
    },
    {
        "fields": {
            "amount": "1.000",
            "commentable": false,
            "cost": 240,
            "deleted": null,
            "description": "",
            "enabled": true,
            "foodtype": 2,
            "ingredientgroups": [],
            "last_modified": "2017-06-21T19:35:36.398Z",
            "menu": 95,
            "name": "Ham",
            "preorder_days": 0,
            "priority": 2
        },
        "model": "lunch.food",
        "pk": 781
    },
    {
        "fields": {
            "amount": "1.000",
            "commentable": false,
            "cost": 333,
            "deleted": null,
            "description": "",
            "enabled": true,
            "foodtype": 2,
            "ingredientgroups": [],
            "last_modified": "2017-06-21T19:35:36.399Z",
            "menu": 95,
            "name": "Kaas",
            "preorder_days": 0,
            "priority": 4
        },
        "model": "lunch.food",
        "pk": 782
    },
    {
        "fields": {
            "amount": "1.000",
            "commentable": false,
            "cost": 300,
            "deleted": null,
            "description": "",
            "enabled": false,
            "foodtype": 2,
            "ingredientgroups": [],
            "last_modified": "2017-06-21T19:35:36.399Z",
            "menu": 95,
            "name": "Martino",
            "preorder_days": 0,
            "priority": 3
        },
        "model": "lunch.food",
        "pk": 783
    },
    {
        "fields": {
            "food": 120,
            "ingredient": 94,
            "selected": true,
            "typical": true
        },
        "model": "lunch.ingredientrelation",
        "pk": 1096
    },
    {
        "fields": {
            "food": 120,
            "ingredient": 95,
            "selected": true,
            "typical": true
        },
        "model": "lunch.ingredientrelation",
        "pk": 1097
    },
    {
        "fields": {
            "food": 120,
            "ingredient": 93,
            "selected": true,
            "typical": true
        },
        "model": "lunch.ingredientrelation",
        "pk": 1098
    },
    {
        "fields": {
            "food": 120,
            "ingredient": 76,
            "selected": true,
            "typical": true
        },
        "model": "lunch.ingredientrelation",
        "pk": 1099
    },
    {
        "fields": {
            "food": 120,
            "ingredient": 89,
            "selected": true,
            "typical": true
        },
        "model": "lunch.ingredientrelation",
        "pk": 1100
    },
    {
        "fields": {
            "food": 120,
            "ingredient": 115,
            "selected": true,
            "typical": false
        },
        "model": "lunch.ingredientrelation",
        "pk": 1101
    },
    {
        "fields": {
            "food": 125,
            "ingredient": 101,
            "selected": true,
            "typical": true
        },
        "model": "lunch.ingredientrelation",
        "pk": 1166
    },
    {
        "fields": {
            "food": 125,
            "ingredient": 113,
            "selected": true,
            "typical": true
        },
        "model": "lunch.ingredientrelation",
        "pk": 1167
    },
    {
        "fields": {
            "food": 125,
            "ingredient": 117,
            "selected": true,
            "typical": true
        },
        "model": "lunch.ingredientrelation",
        "pk": 1168
    },
    {
        "fields": {
            "food": 125,
            "ingredient": 61,
            "selected": true,
            "typical": true
        },
        "model": "lunch.ingredientrelation",
        "pk": 1169
    },
    {
        "fields": {
            "food": 125,
            "ingredient": 102,
            "selected": true,
            "typical": true
        },
        "model": "lunch.ingredientrelation",
        "pk": 1170
    },
    {
        "fields": {
            "food": 125,
            "ingredient": 115,
            "selected": true,
            "typical": false
        },
        "model": "lunch.ingredientrelation",
        "pk": 1171
    },
    {
        "fields": {
            "food": 126,
            "ingredient": 101,
            "selected": true,
            "typical": true
        },
        "model": "lunch.ingredientrelation",
        "pk": 1172
    },
    {
        "fields": {
            "food": 126,
            "ingredient": 67,
            "selected": true,
            "typical": true
        },
        "model": "lunch.ingredientrelation",
        "pk": 1173
    },
    {
        "fields": {
            "food": 126,
            "ingredient": 57,
            "selected": true,
            "typical": true
        },
        "model": "lunch.ingredientrelation",
        "pk": 1174
    },
    {
        "fields": {
            "food": 126,
            "ingredient": 104,
            "selected": true,
            "typical": true
        },
        "model": "lunch.ingredientrelation",
        "pk": 1175
    },
    {
        "fields": {
            "food": 126,
            "ingredient": 103,
            "selected": true,
            "typical": true
        },
        "model": "lunch.ingredientrelation",
        "pk": 1176
    },
    {
        "fields": {
            "food": 126,
            "ingredient": 115,
            "selected": true,
            "typical": false
        },
        "model": "lunch.ingredientrelation",
        "pk": 1177
    },
    {
        "fields": {
            "food": 122,
            "ingredient": 98,
            "selected": true,
            "typical": true
        },
        "model": "lunch.ingredientrelation",
        "pk": 1178
    },
    {
        "fields": {
            "food": 122,
            "ingredient": 55,
            "selected": true,
            "typical": true
        },
        "model": "lunch.ingredientrelation",
        "pk": 1179
    },
    {
        "fields": {
            "food": 122,
            "ingredient": 57,
            "selected": true,
            "typical": true
        },
        "model": "lunch.ingredientrelation",
        "pk": 1180
    },
    {
        "fields": {
            "food": 122,
            "ingredient": 113,
            "selected": true,
            "typical": true
        },
        "model": "lunch.ingredientrelation",
        "pk": 1181
    },
    {
        "fields": {
            "food": 122,
            "ingredient": 117,
            "selected": true,
            "typical": true
        },
        "model": "lunch.ingredientrelation",
        "pk": 1182
    },
    {
        "fields": {
            "food": 122,
            "ingredient": 115,
            "selected": true,
            "typical": false
        },
        "model": "lunch.ingredientrelation",
        "pk": 1183
    },
    {
        "fields": {
            "food": 133,
            "ingredient": 67,
            "selected": true,
            "typical": true
        },
        "model": "lunch.ingredientrelation",
        "pk": 1251
    },
    {
        "fields": {
            "food": 133,
            "ingredient": 57,
            "selected": true,
            "typical": true
        },
        "model": "lunch.ingredientrelation",
        "pk": 1252
    },
    {
        "fields": {
            "food": 133,
            "ingredient": 113,
            "selected": true,
            "typical": true
        },
        "model": "lunch.ingredientrelation",
        "pk": 1253
    },
    {
        "fields": {
            "food": 133,
            "ingredient": 117,
            "selected": true,
            "typical": true
        },
        "model": "lunch.ingredientrelation",
        "pk": 1254
    },
    {
        "fields": {
            "food": 133,
            "ingredient": 71,
            "selected": true,
            "typical": true
        },
        "model": "lunch.ingredientrelation",
        "pk": 1255
    },
    {
        "fields": {
            "food": 133,
            "ingredient": 78,
            "selected": true,
            "typical": true
        },
        "model": "lunch.ingredientrelation",
        "pk": 1256
    },
    {
        "fields": {
            "food": 133,
            "ingredient": 115,
            "selected": true,
            "typical": false
        },
        "model": "lunch.ingredientrelation",
        "pk": 1257
    },
    {
        "fields": {
            "food": 134,
            "ingredient": 67,
            "selected": true,
            "typical": true
        },
        "model": "lunch.ingredientrelation",
        "pk": 1258
    },
    {
        "fields": {
            "food": 134,
            "ingredient": 104,
            "selected": true,
            "typical": true
        },
        "model": "lunch.ingredientrelation",
        "pk": 1259
    },
    {
        "fields": {
            "food": 134,
            "ingredient": 117,
            "selected": true,
            "typical": true
        },
        "model": "lunch.ingredientrelation",
        "pk": 1260
    },
    {
        "fields": {
            "food": 134,
            "ingredient": 61,
            "selected": true,
            "typical": true
        },
        "model": "lunch.ingredientrelation",
        "pk": 1261
    },
    {
        "fields": {
            "food": 134,
            "ingredient": 103,
            "selected": true,
            "typical": true
        },
        "model": "lunch.ingredientrelation",
        "pk": 1262
    },
    {
        "fields": {
            "food": 134,
            "ingredient": 115,
            "selected": true,
            "typical": false
        },
        "model": "lunch.ingredientrelation",
        "pk": 1263
    },
    {
        "fields": {
            "food": 139,
            "ingredient": 126,
            "selected": true,
            "typical": true
        },
        "model": "lunch.ingredientrelation",
        "pk": 1264
    },
    {
        "fields": {
            "food": 139,
            "ingredient": 123,
            "selected": true,
            "typical": true
        },
        "model": "lunch.ingredientrelation",
        "pk": 1265
    },
    {
        "fields": {
            "food": 139,
            "ingredient": 76,
            "selected": true,
            "typical": true
        },
        "model": "lunch.ingredientrelation",
        "pk": 1266
    },
    {
        "fields": {
            "food": 139,
            "ingredient": 115,
            "selected": true,
            "typical": false
        },
        "model": "lunch.ingredientrelation",
        "pk": 1267
    },
    {
        "fields": {
            "food": 143,
            "ingredient": 129,
            "selected": true,
            "typical": true
        },
        "model": "lunch.ingredientrelation",
        "pk": 1282
    },
    {
        "fields": {
            "food": 143,
            "ingredient": 57,
            "selected": true,
            "typical": true
        },
        "model": "lunch.ingredientrelation",
        "pk": 1283
    },
    {
        "fields": {
            "food": 143,
            "ingredient": 113,
            "selected": true,
            "typical": true
        },
        "model": "lunch.ingredientrelation",
        "pk": 1284
    },
    {
        "fields": {
            "food": 143,
            "ingredient": 117,
            "selected": true,
            "typical": true
        },
        "model": "lunch.ingredientrelation",
        "pk": 1285
    },
    {
        "fields": {
            "food": 143,
            "ingredient": 71,
            "selected": true,
            "typical": true
        },
        "model": "lunch.ingredientrelation",
        "pk": 1286
    },
    {
        "fields": {
            "food": 143,
            "ingredient": 114,
            "selected": true,
            "typical": true
        },
        "model": "lunch.ingredientrelation",
        "pk": 1287
    },
    {
        "fields": {
            "food": 143,
            "ingredient": 115,
            "selected": true,
            "typical": false
        },
        "model": "lunch.ingredientrelation",
        "pk": 1288
    },
    {
        "fields": {
            "food": 140,
            "ingredient": 124,
            "selected": true,
            "typical": true
        },
        "model": "lunch.ingredientrelation",
        "pk": 1371
    },
    {
        "fields": {
            "food": 140,
            "ingredient": 127,
            "selected": true,
            "typical": true
        },
        "model": "lunch.ingredientrelation",
        "pk": 1372
    },
    {
        "fields": {
            "food": 140,
            "ingredient": 67,
            "selected": true,
            "typical": true
        },
        "model": "lunch.ingredientrelation",
        "pk": 1373
    },
    {
        "fields": {
            "food": 140,
            "ingredient": 104,
            "selected": true,
            "typical": true
        },
        "model": "lunch.ingredientrelation",
        "pk": 1374
    },
    {
        "fields": {
            "food": 140,
            "ingredient": 115,
            "selected": true,
            "typical": false
        },
        "model": "lunch.ingredientrelation",
        "pk": 1375
    },
    {
        "fields": {
            "food": 142,
            "ingredient": 128,
            "selected": true,
            "typical": true
        },
        "model": "lunch.ingredientrelation",
        "pk": 1412
    },
    {
        "fields": {
            "food": 142,
            "ingredient": 56,
            "selected": true,
            "typical": true
        },
        "model": "lunch.ingredientrelation",
        "pk": 1413
    },
    {
        "fields": {
            "food": 142,
            "ingredient": 58,
            "selected": true,
            "typical": true
        },
        "model": "lunch.ingredientrelation",
        "pk": 1414
    },
    {
        "fields": {
            "food": 142,
            "ingredient": 66,
            "selected": true,
            "typical": true
        },
        "model": "lunch.ingredientrelation",
        "pk": 1415
    },
    {
        "fields": {
            "food": 142,
            "ingredient": 115,
            "selected": true,
            "typical": false
        },
        "model": "lunch.ingredientrelation",
        "pk": 1416
    },
    {
        "fields": {
            "food": 392,
            "ingredient": 115,
            "selected": true,
            "typical": false
        },
        "model": "lunch.ingredientrelation",
        "pk": 1977
    },
    {
        "fields": {
            "food": 392,
            "ingredient": 239,
            "selected": true,
            "typical": true
        },
        "model": "lunch.ingredientrelation",
        "pk": 1978
    },
    {
        "fields": {
            "food": 395,
            "ingredient": 115,
            "selected": true,
            "typical": false
        },
        "model": "lunch.ingredientrelation",
        "pk": 1983
    },
    {
        "fields": {
            "food": 395,
            "ingredient": 240,
            "selected": true,
            "typical": true
        },
        "model": "lunch.ingredientrelation",
        "pk": 1984
    },
    {
        "fields": {
            "food": 499,
            "ingredient": 115,
            "selected": true,
            "typical": false
        },
        "model": "lunch.ingredientrelation",
        "pk": 2313
    },
    {
        "fields": {
            "food": 499,
            "ingredient": 92,
            "selected": true,
            "typical": true
        },
        "model": "lunch.ingredientrelation",
        "pk": 2314
    },
    {
        "fields": {
            "food": 499,
            "ingredient": 76,
            "selected": true,
            "typical": true
        },
        "model": "lunch.ingredientrelation",
        "pk": 2315
    },
    {
        "fields": {
            "food": 499,
            "ingredient": 117,
            "selected": true,
            "typical": true
        },
        "model": "lunch.ingredientrelation",
        "pk": 2316
    },
    {
        "fields": {
            "food": 499,
            "ingredient": 74,
            "selected": true,
            "typical": true
        },
        "model": "lunch.ingredientrelation",
        "pk": 2317
    },
    {
        "fields": {
            "food": 500,
            "ingredient": 115,
            "selected": true,
            "typical": false
        },
        "model": "lunch.ingredientrelation",
        "pk": 2318
    },
    {
        "fields": {
            "food": 500,
            "ingredient": 93,
            "selected": true,
            "typical": true
        },
        "model": "lunch.ingredientrelation",
        "pk": 2319
    },
    {
        "fields": {
            "food": 500,
            "ingredient": 123,
            "selected": true,
            "typical": true
        },
        "model": "lunch.ingredientrelation",
        "pk": 2320
    },
    {
        "fields": {
            "food": 500,
            "ingredient": 76,
            "selected": true,
            "typical": true
        },
        "model": "lunch.ingredientrelation",
        "pk": 2321
    },
    {
        "fields": {
            "food": 138,
            "ingredient": 76,
            "selected": true,
            "typical": true
        },
        "model": "lunch.ingredientrelation",
        "pk": 2322
    },
    {
        "fields": {
            "food": 138,
            "ingredient": 82,
            "selected": true,
            "typical": true
        },
        "model": "lunch.ingredientrelation",
        "pk": 2323
    },
    {
        "fields": {
            "food": 138,
            "ingredient": 89,
            "selected": true,
            "typical": true
        },
        "model": "lunch.ingredientrelation",
        "pk": 2324
    },
    {
        "fields": {
            "food": 138,
            "ingredient": 92,
            "selected": true,
            "typical": true
        },
        "model": "lunch.ingredientrelation",
        "pk": 2325
    },
    {
        "fields": {
            "food": 138,
            "ingredient": 115,
            "selected": true,
            "typical": false
        },
        "model": "lunch.ingredientrelation",
        "pk": 2326
    },
    {
        "fields": {
            "food": 138,
            "ingredient": 122,
            "selected": true,
            "typical": true
        },
        "model": "lunch.ingredientrelation",
        "pk": 2327
    },
    {
        "fields": {
            "food": 137,
            "ingredient": 57,
            "selected": true,
            "typical": true
        },
        "model": "lunch.ingredientrelation",
        "pk": 2328
    },
    {
        "fields": {
            "food": 137,
            "ingredient": 67,
            "selected": true,
            "typical": true
        },
        "model": "lunch.ingredientrelation",
        "pk": 2329
    },
    {
        "fields": {
            "food": 137,
            "ingredient": 103,
            "selected": true,
            "typical": true
        },
        "model": "lunch.ingredientrelation",
        "pk": 2330
    },
    {
        "fields": {
            "food": 137,
            "ingredient": 115,
            "selected": true,
            "typical": false
        },
        "model": "lunch.ingredientrelation",
        "pk": 2331
    },
    {
        "fields": {
            "food": 137,
            "ingredient": 117,
            "selected": true,
            "typical": true
        },
        "model": "lunch.ingredientrelation",
        "pk": 2332
    },
    {
        "fields": {
            "food": 121,
            "ingredient": 55,
            "selected": true,
            "typical": true
        },
        "model": "lunch.ingredientrelation",
        "pk": 2333
    },
    {
        "fields": {
            "food": 121,
            "ingredient": 57,
            "selected": true,
            "typical": true
        },
        "model": "lunch.ingredientrelation",
        "pk": 2334
    },
    {
        "fields": {
            "food": 121,
            "ingredient": 97,
            "selected": true,
            "typical": true
        },
        "model": "lunch.ingredientrelation",
        "pk": 2335
    },
    {
        "fields": {
            "food": 121,
            "ingredient": 113,
            "selected": true,
            "typical": true
        },
        "model": "lunch.ingredientrelation",
        "pk": 2336
    },
    {
        "fields": {
            "food": 121,
            "ingredient": 115,
            "selected": true,
            "typical": false
        },
        "model": "lunch.ingredientrelation",
        "pk": 2337
    },
    {
        "fields": {
            "food": 121,
            "ingredient": 117,
            "selected": true,
            "typical": true
        },
        "model": "lunch.ingredientrelation",
        "pk": 2338
    },
    {
        "fields": {
            "food": 124,
            "ingredient": 56,
            "selected": true,
            "typical": true
        },
        "model": "lunch.ingredientrelation",
        "pk": 2339
    },
    {
        "fields": {
            "food": 124,
            "ingredient": 61,
            "selected": true,
            "typical": true
        },
        "model": "lunch.ingredientrelation",
        "pk": 2340
    },
    {
        "fields": {
            "food": 124,
            "ingredient": 65,
            "selected": true,
            "typical": true
        },
        "model": "lunch.ingredientrelation",
        "pk": 2341
    },
    {
        "fields": {
            "food": 124,
            "ingredient": 67,
            "selected": true,
            "typical": true
        },
        "model": "lunch.ingredientrelation",
        "pk": 2342
    },
    {
        "fields": {
            "food": 124,
            "ingredient": 97,
            "selected": true,
            "typical": true
        },
        "model": "lunch.ingredientrelation",
        "pk": 2343
    },
    {
        "fields": {
            "food": 124,
            "ingredient": 106,
            "selected": true,
            "typical": true
        },
        "model": "lunch.ingredientrelation",
        "pk": 2344
    },
    {
        "fields": {
            "food": 124,
            "ingredient": 115,
            "selected": true,
            "typical": false
        },
        "model": "lunch.ingredientrelation",
        "pk": 2345
    },
    {
        "fields": {
            "food": 124,
            "ingredient": 117,
            "selected": true,
            "typical": true
        },
        "model": "lunch.ingredientrelation",
        "pk": 2346
    },
    {
        "fields": {
            "food": 451,
            "ingredient": 55,
            "selected": true,
            "typical": true
        },
        "model": "lunch.ingredientrelation",
        "pk": 2347
    },
    {
        "fields": {
            "food": 451,
            "ingredient": 67,
            "selected": true,
            "typical": true
        },
        "model": "lunch.ingredientrelation",
        "pk": 2348
    },
    {
        "fields": {
            "food": 451,
            "ingredient": 99,
            "selected": true,
            "typical": true
        },
        "model": "lunch.ingredientrelation",
        "pk": 2349
    },
    {
        "fields": {
            "food": 451,
            "ingredient": 115,
            "selected": true,
            "typical": false
        },
        "model": "lunch.ingredientrelation",
        "pk": 2350
    },
    {
        "fields": {
            "food": 451,
            "ingredient": 117,
            "selected": true,
            "typical": true
        },
        "model": "lunch.ingredientrelation",
        "pk": 2351
    },
    {
        "fields": {
            "food": 127,
            "ingredient": 55,
            "selected": true,
            "typical": true
        },
        "model": "lunch.ingredientrelation",
        "pk": 2352
    },
    {
        "fields": {
            "food": 127,
            "ingredient": 57,
            "selected": true,
            "typical": true
        },
        "model": "lunch.ingredientrelation",
        "pk": 2353
    },
    {
        "fields": {
            "food": 127,
            "ingredient": 71,
            "selected": true,
            "typical": true
        },
        "model": "lunch.ingredientrelation",
        "pk": 2354
    },
    {
        "fields": {
            "food": 127,
            "ingredient": 113,
            "selected": true,
            "typical": true
        },
        "model": "lunch.ingredientrelation",
        "pk": 2355
    },
    {
        "fields": {
            "food": 127,
            "ingredient": 114,
            "selected": true,
            "typical": true
        },
        "model": "lunch.ingredientrelation",
        "pk": 2356
    },
    {
        "fields": {
            "food": 127,
            "ingredient": 115,
            "selected": true,
            "typical": false
        },
        "model": "lunch.ingredientrelation",
        "pk": 2357
    },
    {
        "fields": {
            "food": 127,
            "ingredient": 117,
            "selected": true,
            "typical": true
        },
        "model": "lunch.ingredientrelation",
        "pk": 2358
    },
    {
        "fields": {
            "food": 127,
            "ingredient": 119,
            "selected": true,
            "typical": true
        },
        "model": "lunch.ingredientrelation",
        "pk": 2359
    },
    {
        "fields": {
            "food": 127,
            "ingredient": 120,
            "selected": true,
            "typical": true
        },
        "model": "lunch.ingredientrelation",
        "pk": 2360
    },
    {
        "fields": {
            "food": 128,
            "ingredient": 62,
            "selected": true,
            "typical": true
        },
        "model": "lunch.ingredientrelation",
        "pk": 2361
    },
    {
        "fields": {
            "food": 128,
            "ingredient": 120,
            "selected": true,
            "typical": true
        },
        "model": "lunch.ingredientrelation",
        "pk": 2362
    },
    {
        "fields": {
            "food": 128,
            "ingredient": 119,
            "selected": true,
            "typical": true
        },
        "model": "lunch.ingredientrelation",
        "pk": 2363
    },
    {
        "fields": {
            "food": 128,
            "ingredient": 113,
            "selected": true,
            "typical": true
        },
        "model": "lunch.ingredientrelation",
        "pk": 2364
    },
    {
        "fields": {
            "food": 128,
            "ingredient": 117,
            "selected": true,
            "typical": true
        },
        "model": "lunch.ingredientrelation",
        "pk": 2365
    },
    {
        "fields": {
            "food": 128,
            "ingredient": 102,
            "selected": true,
            "typical": true
        },
        "model": "lunch.ingredientrelation",
        "pk": 2366
    },
    {
        "fields": {
            "food": 128,
            "ingredient": 115,
            "selected": true,
            "typical": false
        },
        "model": "lunch.ingredientrelation",
        "pk": 2367
    },
    {
        "fields": {
            "food": 129,
            "ingredient": 56,
            "selected": true,
            "typical": true
        },
        "model": "lunch.ingredientrelation",
        "pk": 2376
    },
    {
        "fields": {
            "food": 129,
            "ingredient": 63,
            "selected": true,
            "typical": true
        },
        "model": "lunch.ingredientrelation",
        "pk": 2377
    },
    {
        "fields": {
            "food": 129,
            "ingredient": 102,
            "selected": true,
            "typical": true
        },
        "model": "lunch.ingredientrelation",
        "pk": 2378
    },
    {
        "fields": {
            "food": 129,
            "ingredient": 113,
            "selected": true,
            "typical": true
        },
        "model": "lunch.ingredientrelation",
        "pk": 2379
    },
    {
        "fields": {
            "food": 129,
            "ingredient": 115,
            "selected": true,
            "typical": false
        },
        "model": "lunch.ingredientrelation",
        "pk": 2380
    },
    {
        "fields": {
            "food": 129,
            "ingredient": 117,
            "selected": true,
            "typical": true
        },
        "model": "lunch.ingredientrelation",
        "pk": 2381
    },
    {
        "fields": {
            "food": 129,
            "ingredient": 119,
            "selected": true,
            "typical": true
        },
        "model": "lunch.ingredientrelation",
        "pk": 2382
    },
    {
        "fields": {
            "food": 129,
            "ingredient": 120,
            "selected": true,
            "typical": true
        },
        "model": "lunch.ingredientrelation",
        "pk": 2383
    },
    {
        "fields": {
            "food": 131,
            "ingredient": 74,
            "selected": true,
            "typical": true
        },
        "model": "lunch.ingredientrelation",
        "pk": 2384
    },
    {
        "fields": {
            "food": 131,
            "ingredient": 76,
            "selected": true,
            "typical": true
        },
        "model": "lunch.ingredientrelation",
        "pk": 2385
    },
    {
        "fields": {
            "food": 131,
            "ingredient": 87,
            "selected": true,
            "typical": true
        },
        "model": "lunch.ingredientrelation",
        "pk": 2386
    },
    {
        "fields": {
            "food": 131,
            "ingredient": 115,
            "selected": true,
            "typical": false
        },
        "model": "lunch.ingredientrelation",
        "pk": 2387
    },
    {
        "fields": {
            "food": 131,
            "ingredient": 117,
            "selected": true,
            "typical": true
        },
        "model": "lunch.ingredientrelation",
        "pk": 2388
    },
    {
        "fields": {
            "food": 131,
            "ingredient": 118,
            "selected": true,
            "typical": true
        },
        "model": "lunch.ingredientrelation",
        "pk": 2389
    },
    {
        "fields": {
            "food": 501,
            "ingredient": 74,
            "selected": true,
            "typical": true
        },
        "model": "lunch.ingredientrelation",
        "pk": 2400
    },
    {
        "fields": {
            "food": 501,
            "ingredient": 76,
            "selected": true,
            "typical": true
        },
        "model": "lunch.ingredientrelation",
        "pk": 2401
    },
    {
        "fields": {
            "food": 501,
            "ingredient": 93,
            "selected": true,
            "typical": true
        },
        "model": "lunch.ingredientrelation",
        "pk": 2402
    },
    {
        "fields": {
            "food": 501,
            "ingredient": 115,
            "selected": true,
            "typical": false
        },
        "model": "lunch.ingredientrelation",
        "pk": 2403
    },
    {
        "fields": {
            "food": 501,
            "ingredient": 117,
            "selected": true,
            "typical": true
        },
        "model": "lunch.ingredientrelation",
        "pk": 2404
    },
    {
        "fields": {
            "food": 501,
            "ingredient": 118,
            "selected": true,
            "typical": true
        },
        "model": "lunch.ingredientrelation",
        "pk": 2405
    },
    {
        "fields": {
            "food": 502,
            "ingredient": 115,
            "selected": true,
            "typical": false
        },
        "model": "lunch.ingredientrelation",
        "pk": 2406
    },
    {
        "fields": {
            "food": 502,
            "ingredient": 230,
            "selected": true,
            "typical": true
        },
        "model": "lunch.ingredientrelation",
        "pk": 2407
    },
    {
        "fields": {
            "food": 502,
            "ingredient": 252,
            "selected": true,
            "typical": true
        },
        "model": "lunch.ingredientrelation",
        "pk": 2408
    },
    {
        "fields": {
            "food": 502,
            "ingredient": 249,
            "selected": true,
            "typical": true
        },
        "model": "lunch.ingredientrelation",
        "pk": 2409
    },
    {
        "fields": {
            "food": 503,
            "ingredient": 115,
            "selected": true,
            "typical": false
        },
        "model": "lunch.ingredientrelation",
        "pk": 2410
    },
    {
        "fields": {
            "food": 503,
            "ingredient": 208,
            "selected": true,
            "typical": true
        },
        "model": "lunch.ingredientrelation",
        "pk": 2411
    },
    {
        "fields": {
            "food": 503,
            "ingredient": 117,
            "selected": true,
            "typical": true
        },
        "model": "lunch.ingredientrelation",
        "pk": 2412
    },
    {
        "fields": {
            "food": 503,
            "ingredient": 57,
            "selected": true,
            "typical": true
        },
        "model": "lunch.ingredientrelation",
        "pk": 2413
    },
    {
        "fields": {
            "food": 503,
            "ingredient": 71,
            "selected": true,
            "typical": true
        },
        "model": "lunch.ingredientrelation",
        "pk": 2414
    },
    {
        "fields": {
            "food": 503,
            "ingredient": 113,
            "selected": true,
            "typical": true
        },
        "model": "lunch.ingredientrelation",
        "pk": 2415
    },
    {
        "fields": {
            "food": 106,
            "ingredient": 54,
            "selected": true,
            "typical": true
        },
        "model": "lunch.ingredientrelation",
        "pk": 2816
    },
    {
        "fields": {
            "food": 106,
            "ingredient": 55,
            "selected": true,
            "typical": true
        },
        "model": "lunch.ingredientrelation",
        "pk": 2817
    },
    {
        "fields": {
            "food": 106,
            "ingredient": 67,
            "selected": true,
            "typical": true
        },
        "model": "lunch.ingredientrelation",
        "pk": 2818
    },
    {
        "fields": {
            "food": 106,
            "ingredient": 114,
            "selected": true,
            "typical": true
        },
        "model": "lunch.ingredientrelation",
        "pk": 2819
    },
    {
        "fields": {
            "food": 106,
            "ingredient": 115,
            "selected": true,
            "typical": false
        },
        "model": "lunch.ingredientrelation",
        "pk": 2820
    },
    {
        "fields": {
            "food": 106,
            "ingredient": 117,
            "selected": true,
            "typical": true
        },
        "model": "lunch.ingredientrelation",
        "pk": 2821
    },
    {
        "fields": {
            "food": 106,
            "ingredient": 113,
            "selected": false,
            "typical": true
        },
        "model": "lunch.ingredientrelation",
        "pk": 2822
    },
    {
        "fields": {
            "food": 106,
            "ingredient": 63,
            "selected": false,
            "typical": true
        },
        "model": "lunch.ingredientrelation",
        "pk": 2823
    },
    {
        "fields": {
            "food": 106,
            "ingredient": 81,
            "selected": false,
            "typical": true
        },
        "model": "lunch.ingredientrelation",
        "pk": 2824
    },
    {
        "fields": {
            "food": 106,
            "ingredient": 102,
            "selected": false,
            "typical": true
        },
        "model": "lunch.ingredientrelation",
        "pk": 2825
    },
    {
        "fields": {
            "food": 107,
            "ingredient": 54,
            "selected": true,
            "typical": true
        },
        "model": "lunch.ingredientrelation",
        "pk": 2826
    },
    {
        "fields": {
            "food": 107,
            "ingredient": 56,
            "selected": true,
            "typical": true
        },
        "model": "lunch.ingredientrelation",
        "pk": 2827
    },
    {
        "fields": {
            "food": 107,
            "ingredient": 58,
            "selected": true,
            "typical": true
        },
        "model": "lunch.ingredientrelation",
        "pk": 2828
    },
    {
        "fields": {
            "food": 107,
            "ingredient": 66,
            "selected": true,
            "typical": true
        },
        "model": "lunch.ingredientrelation",
        "pk": 2829
    },
    {
        "fields": {
            "food": 107,
            "ingredient": 115,
            "selected": true,
            "typical": false
        },
        "model": "lunch.ingredientrelation",
        "pk": 2830
    },
    {
        "fields": {
            "food": 108,
            "ingredient": 54,
            "selected": true,
            "typical": true
        },
        "model": "lunch.ingredientrelation",
        "pk": 2831
    },
    {
        "fields": {
            "food": 108,
            "ingredient": 56,
            "selected": true,
            "typical": true
        },
        "model": "lunch.ingredientrelation",
        "pk": 2832
    },
    {
        "fields": {
            "food": 108,
            "ingredient": 61,
            "selected": true,
            "typical": true
        },
        "model": "lunch.ingredientrelation",
        "pk": 2833
    },
    {
        "fields": {
            "food": 108,
            "ingredient": 64,
            "selected": true,
            "typical": true
        },
        "model": "lunch.ingredientrelation",
        "pk": 2834
    },
    {
        "fields": {
            "food": 108,
            "ingredient": 65,
            "selected": true,
            "typical": true
        },
        "model": "lunch.ingredientrelation",
        "pk": 2835
    },
    {
        "fields": {
            "food": 108,
            "ingredient": 106,
            "selected": true,
            "typical": true
        },
        "model": "lunch.ingredientrelation",
        "pk": 2836
    },
    {
        "fields": {
            "food": 108,
            "ingredient": 115,
            "selected": true,
            "typical": false
        },
        "model": "lunch.ingredientrelation",
        "pk": 2837
    },
    {
        "fields": {
            "food": 108,
            "ingredient": 117,
            "selected": true,
            "typical": true
        },
        "model": "lunch.ingredientrelation",
        "pk": 2838
    },
    {
        "fields": {
            "food": 108,
            "ingredient": 114,
            "selected": false,
            "typical": true
        },
        "model": "lunch.ingredientrelation",
        "pk": 2839
    },
    {
        "fields": {
            "food": 114,
            "ingredient": 74,
            "selected": true,
            "typical": true
        },
        "model": "lunch.ingredientrelation",
        "pk": 2840
    },
    {
        "fields": {
            "food": 114,
            "ingredient": 76,
            "selected": true,
            "typical": true
        },
        "model": "lunch.ingredientrelation",
        "pk": 2841
    },
    {
        "fields": {
            "food": 114,
            "ingredient": 115,
            "selected": true,
            "typical": false
        },
        "model": "lunch.ingredientrelation",
        "pk": 2842
    },
    {
        "fields": {
            "food": 114,
            "ingredient": 117,
            "selected": true,
            "typical": true
        },
        "model": "lunch.ingredientrelation",
        "pk": 2843
    },
    {
        "fields": {
            "food": 114,
            "ingredient": 118,
            "selected": true,
            "typical": true
        },
        "model": "lunch.ingredientrelation",
        "pk": 2844
    },
    {
        "fields": {
            "food": 113,
            "ingredient": 56,
            "selected": true,
            "typical": true
        },
        "model": "lunch.ingredientrelation",
        "pk": 2845
    },
    {
        "fields": {
            "food": 113,
            "ingredient": 63,
            "selected": true,
            "typical": true
        },
        "model": "lunch.ingredientrelation",
        "pk": 2846
    },
    {
        "fields": {
            "food": 113,
            "ingredient": 67,
            "selected": true,
            "typical": true
        },
        "model": "lunch.ingredientrelation",
        "pk": 2847
    },
    {
        "fields": {
            "food": 113,
            "ingredient": 115,
            "selected": true,
            "typical": false
        },
        "model": "lunch.ingredientrelation",
        "pk": 2848
    },
    {
        "fields": {
            "food": 113,
            "ingredient": 118,
            "selected": true,
            "typical": true
        },
        "model": "lunch.ingredientrelation",
        "pk": 2849
    },
    {
        "fields": {
            "food": 113,
            "ingredient": 114,
            "selected": false,
            "typical": true
        },
        "model": "lunch.ingredientrelation",
        "pk": 2850
    },
    {
        "fields": {
            "food": 115,
            "ingredient": 56,
            "selected": true,
            "typical": true
        },
        "model": "lunch.ingredientrelation",
        "pk": 2851
    },
    {
        "fields": {
            "food": 115,
            "ingredient": 61,
            "selected": true,
            "typical": true
        },
        "model": "lunch.ingredientrelation",
        "pk": 2852
    },
    {
        "fields": {
            "food": 115,
            "ingredient": 63,
            "selected": true,
            "typical": true
        },
        "model": "lunch.ingredientrelation",
        "pk": 2853
    },
    {
        "fields": {
            "food": 115,
            "ingredient": 80,
            "selected": true,
            "typical": true
        },
        "model": "lunch.ingredientrelation",
        "pk": 2854
    },
    {
        "fields": {
            "food": 115,
            "ingredient": 81,
            "selected": true,
            "typical": true
        },
        "model": "lunch.ingredientrelation",
        "pk": 2855
    },
    {
        "fields": {
            "food": 115,
            "ingredient": 115,
            "selected": true,
            "typical": false
        },
        "model": "lunch.ingredientrelation",
        "pk": 2856
    },
    {
        "fields": {
            "food": 115,
            "ingredient": 117,
            "selected": true,
            "typical": true
        },
        "model": "lunch.ingredientrelation",
        "pk": 2857
    },
    {
        "fields": {
            "food": 115,
            "ingredient": 114,
            "selected": false,
            "typical": true
        },
        "model": "lunch.ingredientrelation",
        "pk": 2858
    },
    {
        "fields": {
            "food": 115,
            "ingredient": 151,
            "selected": false,
            "typical": true
        },
        "model": "lunch.ingredientrelation",
        "pk": 2859
    },
    {
        "fields": {
            "food": 497,
            "ingredient": 61,
            "selected": true,
            "typical": true
        },
        "model": "lunch.ingredientrelation",
        "pk": 2873
    },
    {
        "fields": {
            "food": 497,
            "ingredient": 80,
            "selected": true,
            "typical": true
        },
        "model": "lunch.ingredientrelation",
        "pk": 2874
    },
    {
        "fields": {
            "food": 497,
            "ingredient": 81,
            "selected": true,
            "typical": true
        },
        "model": "lunch.ingredientrelation",
        "pk": 2875
    },
    {
        "fields": {
            "food": 497,
            "ingredient": 114,
            "selected": true,
            "typical": true
        },
        "model": "lunch.ingredientrelation",
        "pk": 2876
    },
    {
        "fields": {
            "food": 497,
            "ingredient": 115,
            "selected": true,
            "typical": false
        },
        "model": "lunch.ingredientrelation",
        "pk": 2877
    },
    {
        "fields": {
            "food": 497,
            "ingredient": 151,
            "selected": false,
            "typical": true
        },
        "model": "lunch.ingredientrelation",
        "pk": 2878
    },
    {
        "fields": {
            "food": 132,
            "ingredient": 60,
            "selected": true,
            "typical": true
        },
        "model": "lunch.ingredientrelation",
        "pk": 2885
    },
    {
        "fields": {
            "food": 132,
            "ingredient": 76,
            "selected": true,
            "typical": true
        },
        "model": "lunch.ingredientrelation",
        "pk": 2886
    },
    {
        "fields": {
            "food": 132,
            "ingredient": 88,
            "selected": true,
            "typical": true
        },
        "model": "lunch.ingredientrelation",
        "pk": 2887
    },
    {
        "fields": {
            "food": 132,
            "ingredient": 95,
            "selected": true,
            "typical": true
        },
        "model": "lunch.ingredientrelation",
        "pk": 2888
    },
    {
        "fields": {
            "food": 132,
            "ingredient": 96,
            "selected": true,
            "typical": true
        },
        "model": "lunch.ingredientrelation",
        "pk": 2889
    },
    {
        "fields": {
            "food": 132,
            "ingredient": 105,
            "selected": true,
            "typical": true
        },
        "model": "lunch.ingredientrelation",
        "pk": 2890
    },
    {
        "fields": {
            "food": 132,
            "ingredient": 115,
            "selected": true,
            "typical": false
        },
        "model": "lunch.ingredientrelation",
        "pk": 2891
    },
    {
        "fields": {
            "food": 132,
            "ingredient": 114,
            "selected": false,
            "typical": true
        },
        "model": "lunch.ingredientrelation",
        "pk": 2892
    },
    {
        "fields": {
            "food": 109,
            "ingredient": 55,
            "selected": true,
            "typical": true
        },
        "model": "lunch.ingredientrelation",
        "pk": 2893
    },
    {
        "fields": {
            "food": 109,
            "ingredient": 57,
            "selected": true,
            "typical": true
        },
        "model": "lunch.ingredientrelation",
        "pk": 2894
    },
    {
        "fields": {
            "food": 109,
            "ingredient": 70,
            "selected": true,
            "typical": true
        },
        "model": "lunch.ingredientrelation",
        "pk": 2895
    },
    {
        "fields": {
            "food": 109,
            "ingredient": 71,
            "selected": true,
            "typical": true
        },
        "model": "lunch.ingredientrelation",
        "pk": 2896
    },
    {
        "fields": {
            "food": 109,
            "ingredient": 113,
            "selected": true,
            "typical": true
        },
        "model": "lunch.ingredientrelation",
        "pk": 2897
    },
    {
        "fields": {
            "food": 109,
            "ingredient": 115,
            "selected": true,
            "typical": false
        },
        "model": "lunch.ingredientrelation",
        "pk": 2898
    },
    {
        "fields": {
            "food": 109,
            "ingredient": 117,
            "selected": true,
            "typical": true
        },
        "model": "lunch.ingredientrelation",
        "pk": 2899
    },
    {
        "fields": {
            "food": 110,
            "ingredient": 55,
            "selected": true,
            "typical": true
        },
        "model": "lunch.ingredientrelation",
        "pk": 2905
    },
    {
        "fields": {
            "food": 110,
            "ingredient": 62,
            "selected": true,
            "typical": true
        },
        "model": "lunch.ingredientrelation",
        "pk": 2906
    },
    {
        "fields": {
            "food": 110,
            "ingredient": 72,
            "selected": true,
            "typical": true
        },
        "model": "lunch.ingredientrelation",
        "pk": 2907
    },
    {
        "fields": {
            "food": 110,
            "ingredient": 102,
            "selected": true,
            "typical": true
        },
        "model": "lunch.ingredientrelation",
        "pk": 2908
    },
    {
        "fields": {
            "food": 110,
            "ingredient": 113,
            "selected": true,
            "typical": true
        },
        "model": "lunch.ingredientrelation",
        "pk": 2909
    },
    {
        "fields": {
            "food": 110,
            "ingredient": 115,
            "selected": true,
            "typical": false
        },
        "model": "lunch.ingredientrelation",
        "pk": 2910
    },
    {
        "fields": {
            "food": 110,
            "ingredient": 114,
            "selected": false,
            "typical": true
        },
        "model": "lunch.ingredientrelation",
        "pk": 2911
    },
    {
        "fields": {
            "food": 111,
            "ingredient": 73,
            "selected": true,
            "typical": true
        },
        "model": "lunch.ingredientrelation",
        "pk": 2912
    },
    {
        "fields": {
            "food": 111,
            "ingredient": 74,
            "selected": true,
            "typical": true
        },
        "model": "lunch.ingredientrelation",
        "pk": 2913
    },
    {
        "fields": {
            "food": 111,
            "ingredient": 76,
            "selected": true,
            "typical": true
        },
        "model": "lunch.ingredientrelation",
        "pk": 2914
    },
    {
        "fields": {
            "food": 111,
            "ingredient": 96,
            "selected": true,
            "typical": true
        },
        "model": "lunch.ingredientrelation",
        "pk": 2915
    },
    {
        "fields": {
            "food": 111,
            "ingredient": 115,
            "selected": true,
            "typical": false
        },
        "model": "lunch.ingredientrelation",
        "pk": 2916
    },
    {
        "fields": {
            "food": 111,
            "ingredient": 117,
            "selected": true,
            "typical": true
        },
        "model": "lunch.ingredientrelation",
        "pk": 2917
    },
    {
        "fields": {
            "food": 111,
            "ingredient": 113,
            "selected": false,
            "typical": true
        },
        "model": "lunch.ingredientrelation",
        "pk": 2918
    },
    {
        "fields": {
            "food": 154,
            "ingredient": 57,
            "selected": true,
            "typical": true
        },
        "model": "lunch.ingredientrelation",
        "pk": 2919
    },
    {
        "fields": {
            "food": 154,
            "ingredient": 60,
            "selected": true,
            "typical": true
        },
        "model": "lunch.ingredientrelation",
        "pk": 2920
    },
    {
        "fields": {
            "food": 154,
            "ingredient": 73,
            "selected": true,
            "typical": true
        },
        "model": "lunch.ingredientrelation",
        "pk": 2921
    },
    {
        "fields": {
            "food": 154,
            "ingredient": 113,
            "selected": true,
            "typical": true
        },
        "model": "lunch.ingredientrelation",
        "pk": 2922
    },
    {
        "fields": {
            "food": 154,
            "ingredient": 115,
            "selected": true,
            "typical": false
        },
        "model": "lunch.ingredientrelation",
        "pk": 2923
    },
    {
        "fields": {
            "food": 154,
            "ingredient": 117,
            "selected": true,
            "typical": true
        },
        "model": "lunch.ingredientrelation",
        "pk": 2924
    },
    {
        "fields": {
            "food": 498,
            "ingredient": 73,
            "selected": true,
            "typical": true
        },
        "model": "lunch.ingredientrelation",
        "pk": 2925
    },
    {
        "fields": {
            "food": 498,
            "ingredient": 115,
            "selected": true,
            "typical": false
        },
        "model": "lunch.ingredientrelation",
        "pk": 2926
    },
    {
        "fields": {
            "food": 498,
            "ingredient": 117,
            "selected": true,
            "typical": true
        },
        "model": "lunch.ingredientrelation",
        "pk": 2927
    },
    {
        "fields": {
            "food": 498,
            "ingredient": 244,
            "selected": true,
            "typical": true
        },
        "model": "lunch.ingredientrelation",
        "pk": 2928
    },
    {
        "fields": {
            "food": 498,
            "ingredient": 249,
            "selected": true,
            "typical": true
        },
        "model": "lunch.ingredientrelation",
        "pk": 2929
    },
    {
        "fields": {
            "food": 498,
            "ingredient": 252,
            "selected": true,
            "typical": true
        },
        "model": "lunch.ingredientrelation",
        "pk": 2930
    },
    {
        "fields": {
            "food": 130,
            "ingredient": 67,
            "selected": true,
            "typical": true
        },
        "model": "lunch.ingredientrelation",
        "pk": 2931
    },
    {
        "fields": {
            "food": 130,
            "ingredient": 77,
            "selected": true,
            "typical": true
        },
        "model": "lunch.ingredientrelation",
        "pk": 2932
    },
    {
        "fields": {
            "food": 130,
            "ingredient": 103,
            "selected": true,
            "typical": true
        },
        "model": "lunch.ingredientrelation",
        "pk": 2933
    },
    {
        "fields": {
            "food": 130,
            "ingredient": 115,
            "selected": true,
            "typical": false
        },
        "model": "lunch.ingredientrelation",
        "pk": 2934
    },
    {
        "fields": {
            "food": 130,
            "ingredient": 117,
            "selected": true,
            "typical": true
        },
        "model": "lunch.ingredientrelation",
        "pk": 2935
    },
    {
        "fields": {
            "food": 130,
            "ingredient": 113,
            "selected": false,
            "typical": true
        },
        "model": "lunch.ingredientrelation",
        "pk": 2936
    },
    {
        "fields": {
            "food": 112,
            "ingredient": 55,
            "selected": true,
            "typical": true
        },
        "model": "lunch.ingredientrelation",
        "pk": 2937
    },
    {
        "fields": {
            "food": 112,
            "ingredient": 57,
            "selected": true,
            "typical": true
        },
        "model": "lunch.ingredientrelation",
        "pk": 2938
    },
    {
        "fields": {
            "food": 112,
            "ingredient": 71,
            "selected": true,
            "typical": true
        },
        "model": "lunch.ingredientrelation",
        "pk": 2939
    },
    {
        "fields": {
            "food": 112,
            "ingredient": 77,
            "selected": true,
            "typical": true
        },
        "model": "lunch.ingredientrelation",
        "pk": 2940
    },
    {
        "fields": {
            "food": 112,
            "ingredient": 78,
            "selected": true,
            "typical": true
        },
        "model": "lunch.ingredientrelation",
        "pk": 2941
    },
    {
        "fields": {
            "food": 112,
            "ingredient": 113,
            "selected": true,
            "typical": true
        },
        "model": "lunch.ingredientrelation",
        "pk": 2942
    },
    {
        "fields": {
            "food": 112,
            "ingredient": 115,
            "selected": true,
            "typical": false
        },
        "model": "lunch.ingredientrelation",
        "pk": 2943
    },
    {
        "fields": {
            "food": 112,
            "ingredient": 117,
            "selected": true,
            "typical": true
        },
        "model": "lunch.ingredientrelation",
        "pk": 2944
    },
    {
        "fields": {
            "food": 117,
            "ingredient": 55,
            "selected": true,
            "typical": true
        },
        "model": "lunch.ingredientrelation",
        "pk": 2945
    },
    {
        "fields": {
            "food": 117,
            "ingredient": 57,
            "selected": true,
            "typical": true
        },
        "model": "lunch.ingredientrelation",
        "pk": 2946
    },
    {
        "fields": {
            "food": 117,
            "ingredient": 71,
            "selected": true,
            "typical": true
        },
        "model": "lunch.ingredientrelation",
        "pk": 2947
    },
    {
        "fields": {
            "food": 117,
            "ingredient": 113,
            "selected": true,
            "typical": true
        },
        "model": "lunch.ingredientrelation",
        "pk": 2948
    },
    {
        "fields": {
            "food": 117,
            "ingredient": 114,
            "selected": true,
            "typical": true
        },
        "model": "lunch.ingredientrelation",
        "pk": 2949
    },
    {
        "fields": {
            "food": 117,
            "ingredient": 115,
            "selected": true,
            "typical": false
        },
        "model": "lunch.ingredientrelation",
        "pk": 2950
    },
    {
        "fields": {
            "food": 117,
            "ingredient": 117,
            "selected": true,
            "typical": true
        },
        "model": "lunch.ingredientrelation",
        "pk": 2951
    },
    {
        "fields": {
            "food": 117,
            "ingredient": 120,
            "selected": true,
            "typical": true
        },
        "model": "lunch.ingredientrelation",
        "pk": 2952
    },
    {
        "fields": {
            "food": 118,
            "ingredient": 74,
            "selected": true,
            "typical": true
        },
        "model": "lunch.ingredientrelation",
        "pk": 2953
    },
    {
        "fields": {
            "food": 118,
            "ingredient": 76,
            "selected": true,
            "typical": true
        },
        "model": "lunch.ingredientrelation",
        "pk": 2954
    },
    {
        "fields": {
            "food": 118,
            "ingredient": 87,
            "selected": true,
            "typical": true
        },
        "model": "lunch.ingredientrelation",
        "pk": 2955
    },
    {
        "fields": {
            "food": 118,
            "ingredient": 88,
            "selected": true,
            "typical": true
        },
        "model": "lunch.ingredientrelation",
        "pk": 2956
    },
    {
        "fields": {
            "food": 118,
            "ingredient": 115,
            "selected": true,
            "typical": false
        },
        "model": "lunch.ingredientrelation",
        "pk": 2957
    },
    {
        "fields": {
            "food": 118,
            "ingredient": 113,
            "selected": false,
            "typical": true
        },
        "model": "lunch.ingredientrelation",
        "pk": 2958
    },
    {
        "fields": {
            "food": 118,
            "ingredient": 117,
            "selected": false,
            "typical": true
        },
        "model": "lunch.ingredientrelation",
        "pk": 2959
    },
    {
        "fields": {
            "food": 119,
            "ingredient": 76,
            "selected": true,
            "typical": true
        },
        "model": "lunch.ingredientrelation",
        "pk": 2960
    },
    {
        "fields": {
            "food": 119,
            "ingredient": 89,
            "selected": true,
            "typical": true
        },
        "model": "lunch.ingredientrelation",
        "pk": 2961
    },
    {
        "fields": {
            "food": 119,
            "ingredient": 90,
            "selected": true,
            "typical": true
        },
        "model": "lunch.ingredientrelation",
        "pk": 2962
    },
    {
        "fields": {
            "food": 119,
            "ingredient": 91,
            "selected": true,
            "typical": true
        },
        "model": "lunch.ingredientrelation",
        "pk": 2963
    },
    {
        "fields": {
            "food": 119,
            "ingredient": 92,
            "selected": true,
            "typical": true
        },
        "model": "lunch.ingredientrelation",
        "pk": 2964
    },
    {
        "fields": {
            "food": 119,
            "ingredient": 115,
            "selected": true,
            "typical": false
        },
        "model": "lunch.ingredientrelation",
        "pk": 2965
    },
    {
        "fields": {
            "food": 136,
            "ingredient": 76,
            "selected": true,
            "typical": true
        },
        "model": "lunch.ingredientrelation",
        "pk": 2966
    },
    {
        "fields": {
            "food": 136,
            "ingredient": 89,
            "selected": true,
            "typical": true
        },
        "model": "lunch.ingredientrelation",
        "pk": 2967
    },
    {
        "fields": {
            "food": 136,
            "ingredient": 92,
            "selected": true,
            "typical": true
        },
        "model": "lunch.ingredientrelation",
        "pk": 2968
    },
    {
        "fields": {
            "food": 136,
            "ingredient": 115,
            "selected": true,
            "typical": false
        },
        "model": "lunch.ingredientrelation",
        "pk": 2969
    },
    {
        "fields": {
            "food": 136,
            "ingredient": 121,
            "selected": true,
            "typical": false
        },
        "model": "lunch.ingredientrelation",
        "pk": 2970
    },
    {
        "fields": {
            "food": 391,
            "ingredient": 115,
            "selected": true,
            "typical": false
        },
        "model": "lunch.ingredientrelation",
        "pk": 2973
    },
    {
        "fields": {
            "food": 391,
            "ingredient": 236,
            "selected": true,
            "typical": true
        },
        "model": "lunch.ingredientrelation",
        "pk": 2974
    },
    {
        "fields": {
            "food": 150,
            "ingredient": 136,
            "selected": true,
            "typical": true
        },
        "model": "lunch.ingredientrelation",
        "pk": 2975
    },
    {
        "fields": {
            "food": 150,
            "ingredient": 145,
            "selected": true,
            "typical": true
        },
        "model": "lunch.ingredientrelation",
        "pk": 2976
    },
    {
        "fields": {
            "food": 150,
            "ingredient": 148,
            "selected": true,
            "typical": false
        },
        "model": "lunch.ingredientrelation",
        "pk": 2977
    },
    {
        "fields": {
            "food": 145,
            "ingredient": 135,
            "selected": true,
            "typical": true
        },
        "model": "lunch.ingredientrelation",
        "pk": 2978
    },
    {
        "fields": {
            "food": 145,
            "ingredient": 143,
            "selected": true,
            "typical": true
        },
        "model": "lunch.ingredientrelation",
        "pk": 2979
    },
    {
        "fields": {
            "food": 146,
            "ingredient": 130,
            "selected": true,
            "typical": true
        },
        "model": "lunch.ingredientrelation",
        "pk": 2980
    },
    {
        "fields": {
            "food": 146,
            "ingredient": 135,
            "selected": true,
            "typical": true
        },
        "model": "lunch.ingredientrelation",
        "pk": 2981
    },
    {
        "fields": {
            "food": 146,
            "ingredient": 143,
            "selected": true,
            "typical": true
        },
        "model": "lunch.ingredientrelation",
        "pk": 2982
    },
    {
        "fields": {
            "food": 147,
            "ingredient": 133,
            "selected": true,
            "typical": true
        },
        "model": "lunch.ingredientrelation",
        "pk": 2983
    },
    {
        "fields": {
            "food": 147,
            "ingredient": 135,
            "selected": true,
            "typical": true
        },
        "model": "lunch.ingredientrelation",
        "pk": 2984
    },
    {
        "fields": {
            "food": 147,
            "ingredient": 147,
            "selected": true,
            "typical": false
        },
        "model": "lunch.ingredientrelation",
        "pk": 2985
    },
    {
        "fields": {
            "food": 148,
            "ingredient": 133,
            "selected": true,
            "typical": true
        },
        "model": "lunch.ingredientrelation",
        "pk": 2986
    },
    {
        "fields": {
            "food": 148,
            "ingredient": 135,
            "selected": true,
            "typical": true
        },
        "model": "lunch.ingredientrelation",
        "pk": 2987
    },
    {
        "fields": {
            "food": 148,
            "ingredient": 144,
            "selected": true,
            "typical": true
        },
        "model": "lunch.ingredientrelation",
        "pk": 2988
    },
    {
        "fields": {
            "food": 148,
            "ingredient": 147,
            "selected": true,
            "typical": false
        },
        "model": "lunch.ingredientrelation",
        "pk": 2989
    },
    {
        "fields": {
            "food": 149,
            "ingredient": 131,
            "selected": true,
            "typical": true
        },
        "model": "lunch.ingredientrelation",
        "pk": 2990
    },
    {
        "fields": {
            "food": 149,
            "ingredient": 136,
            "selected": true,
            "typical": true
        },
        "model": "lunch.ingredientrelation",
        "pk": 2991
    },
    {
        "fields": {
            "food": 149,
            "ingredient": 148,
            "selected": true,
            "typical": false
        },
        "model": "lunch.ingredientrelation",
        "pk": 2992
    },
    {
        "fields": {
            "food": 151,
            "ingredient": 132,
            "selected": true,
            "typical": true
        },
        "model": "lunch.ingredientrelation",
        "pk": 2993
    },
    {
        "fields": {
            "food": 151,
            "ingredient": 133,
            "selected": true,
            "typical": true
        },
        "model": "lunch.ingredientrelation",
        "pk": 2994
    },
    {
        "fields": {
            "food": 151,
            "ingredient": 135,
            "selected": true,
            "typical": true
        },
        "model": "lunch.ingredientrelation",
        "pk": 2995
    },
    {
        "fields": {
            "food": 151,
            "ingredient": 136,
            "selected": true,
            "typical": true
        },
        "model": "lunch.ingredientrelation",
        "pk": 2996
    },
    {
        "fields": {
            "food": 151,
            "ingredient": 137,
            "selected": true,
            "typical": true
        },
        "model": "lunch.ingredientrelation",
        "pk": 2997
    },
    {
        "fields": {
            "food": 152,
            "ingredient": 135,
            "selected": true,
            "typical": true
        },
        "model": "lunch.ingredientrelation",
        "pk": 2998
    },
    {
        "fields": {
            "food": 152,
            "ingredient": 139,
            "selected": true,
            "typical": false
        },
        "model": "lunch.ingredientrelation",
        "pk": 2999
    },
    {
        "fields": {
            "food": 152,
            "ingredient": 146,
            "selected": true,
            "typical": true
        },
        "model": "lunch.ingredientrelation",
        "pk": 3000
    },
    {
        "fields": {
            "food": 153,
            "ingredient": 134,
            "selected": true,
            "typical": true
        },
        "model": "lunch.ingredientrelation",
        "pk": 3001
    },
    {
        "fields": {
            "food": 153,
            "ingredient": 138,
            "selected": true,
            "typical": true
        },
        "model": "lunch.ingredientrelation",
        "pk": 3002
    },
    {
        "fields": {
            "food": 153,
            "ingredient": 142,
            "selected": true,
            "typical": true
        },
        "model": "lunch.ingredientrelation",
        "pk": 3003
    },
    {
        "fields": {
            "food": 191,
            "ingredient": 107,
            "selected": true,
            "typical": false
        },
        "model": "lunch.ingredientrelation",
        "pk": 3004
    },
    {
        "fields": {
            "food": 393,
            "ingredient": 115,
            "selected": true,
            "typical": false
        },
        "model": "lunch.ingredientrelation",
        "pk": 3106
    },
    {
        "fields": {
            "food": 393,
            "ingredient": 237,
            "selected": true,
            "typical": true
        },
        "model": "lunch.ingredientrelation",
        "pk": 3107
    },
    {
        "fields": {
            "food": 135,
            "ingredient": 62,
            "selected": true,
            "typical": true
        },
        "model": "lunch.ingredientrelation",
        "pk": 3131
    },
    {
        "fields": {
            "food": 135,
            "ingredient": 70,
            "selected": true,
            "typical": true
        },
        "model": "lunch.ingredientrelation",
        "pk": 3132
    },
    {
        "fields": {
            "food": 135,
            "ingredient": 71,
            "selected": true,
            "typical": true
        },
        "model": "lunch.ingredientrelation",
        "pk": 3133
    },
    {
        "fields": {
            "food": 135,
            "ingredient": 113,
            "selected": true,
            "typical": true
        },
        "model": "lunch.ingredientrelation",
        "pk": 3134
    },
    {
        "fields": {
            "food": 135,
            "ingredient": 115,
            "selected": true,
            "typical": false
        },
        "model": "lunch.ingredientrelation",
        "pk": 3135
    },
    {
        "fields": {
            "food": 116,
            "ingredient": 57,
            "selected": true,
            "typical": true
        },
        "model": "lunch.ingredientrelation",
        "pk": 3136
    },
    {
        "fields": {
            "food": 116,
            "ingredient": 76,
            "selected": true,
            "typical": true
        },
        "model": "lunch.ingredientrelation",
        "pk": 3137
    },
    {
        "fields": {
            "food": 116,
            "ingredient": 82,
            "selected": true,
            "typical": true
        },
        "model": "lunch.ingredientrelation",
        "pk": 3138
    },
    {
        "fields": {
            "food": 116,
            "ingredient": 83,
            "selected": true,
            "typical": true
        },
        "model": "lunch.ingredientrelation",
        "pk": 3139
    },
    {
        "fields": {
            "food": 116,
            "ingredient": 115,
            "selected": true,
            "typical": false
        },
        "model": "lunch.ingredientrelation",
        "pk": 3140
    },
    {
        "fields": {
            "food": 116,
            "ingredient": 117,
            "selected": true,
            "typical": true
        },
        "model": "lunch.ingredientrelation",
        "pk": 3141
    },
    {
        "fields": {
            "food": 599,
            "ingredient": 269,
            "selected": true,
            "typical": true
        },
        "model": "lunch.ingredientrelation",
        "pk": 3142
    },
    {
        "fields": {
            "food": 599,
            "ingredient": 270,
            "selected": false,
            "typical": true
        },
        "model": "lunch.ingredientrelation",
        "pk": 3143
    },
    {
        "fields": {
            "food": 94,
            "ingredient": 55,
            "selected": true,
            "typical": true
        },
        "model": "lunch.ingredientrelation",
        "pk": 3159
    },
    {
        "fields": {
            "food": 94,
            "ingredient": 57,
            "selected": true,
            "typical": true
        },
        "model": "lunch.ingredientrelation",
        "pk": 3160
    },
    {
        "fields": {
            "food": 94,
            "ingredient": 63,
            "selected": false,
            "typical": true
        },
        "model": "lunch.ingredientrelation",
        "pk": 3161
    },
    {
        "fields": {
            "food": 94,
            "ingredient": 71,
            "selected": true,
            "typical": true
        },
        "model": "lunch.ingredientrelation",
        "pk": 3162
    },
    {
        "fields": {
            "food": 94,
            "ingredient": 81,
            "selected": false,
            "typical": true
        },
        "model": "lunch.ingredientrelation",
        "pk": 3163
    },
    {
        "fields": {
            "food": 94,
            "ingredient": 102,
            "selected": false,
            "typical": true
        },
        "model": "lunch.ingredientrelation",
        "pk": 3164
    },
    {
        "fields": {
            "food": 94,
            "ingredient": 104,
            "selected": false,
            "typical": true
        },
        "model": "lunch.ingredientrelation",
        "pk": 3165
    },
    {
        "fields": {
            "food": 94,
            "ingredient": 113,
            "selected": true,
            "typical": true
        },
        "model": "lunch.ingredientrelation",
        "pk": 3166
    },
    {
        "fields": {
            "food": 94,
            "ingredient": 114,
            "selected": true,
            "typical": true
        },
        "model": "lunch.ingredientrelation",
        "pk": 3167
    },
    {
        "fields": {
            "food": 94,
            "ingredient": 115,
            "selected": true,
            "typical": false
        },
        "model": "lunch.ingredientrelation",
        "pk": 3168
    },
    {
        "fields": {
            "food": 94,
            "ingredient": 117,
            "selected": true,
            "typical": true
        },
        "model": "lunch.ingredientrelation",
        "pk": 3169
    },
    {
        "fields": {
            "food": 94,
            "ingredient": 119,
            "selected": true,
            "typical": true
        },
        "model": "lunch.ingredientrelation",
        "pk": 3170
    },
    {
        "fields": {
            "food": 94,
            "ingredient": 151,
            "selected": false,
            "typical": true
        },
        "model": "lunch.ingredientrelation",
        "pk": 3171
    },
    {
        "fields": {
            "food": 94,
            "ingredient": 152,
            "selected": false,
            "typical": true
        },
        "model": "lunch.ingredientrelation",
        "pk": 3172
    },
    {
        "fields": {
            "food": 94,
            "ingredient": 234,
            "selected": false,
            "typical": true
        },
        "model": "lunch.ingredientrelation",
        "pk": 3173
    },
    {
        "fields": {
            "food": 105,
            "ingredient": 54,
            "selected": true,
            "typical": true
        },
        "model": "lunch.ingredientrelation",
        "pk": 3287
    },
    {
        "fields": {
            "food": 105,
            "ingredient": 55,
            "selected": true,
            "typical": true
        },
        "model": "lunch.ingredientrelation",
        "pk": 3288
    },
    {
        "fields": {
            "food": 105,
            "ingredient": 57,
            "selected": true,
            "typical": true
        },
        "model": "lunch.ingredientrelation",
        "pk": 3289
    },
    {
        "fields": {
            "food": 105,
            "ingredient": 63,
            "selected": false,
            "typical": true
        },
        "model": "lunch.ingredientrelation",
        "pk": 3290
    },
    {
        "fields": {
            "food": 105,
            "ingredient": 81,
            "selected": false,
            "typical": true
        },
        "model": "lunch.ingredientrelation",
        "pk": 3291
    },
    {
        "fields": {
            "food": 105,
            "ingredient": 102,
            "selected": false,
            "typical": true
        },
        "model": "lunch.ingredientrelation",
        "pk": 3292
    },
    {
        "fields": {
            "food": 105,
            "ingredient": 104,
            "selected": false,
            "typical": true
        },
        "model": "lunch.ingredientrelation",
        "pk": 3293
    },
    {
        "fields": {
            "food": 105,
            "ingredient": 113,
            "selected": true,
            "typical": true
        },
        "model": "lunch.ingredientrelation",
        "pk": 3294
    },
    {
        "fields": {
            "food": 105,
            "ingredient": 114,
            "selected": true,
            "typical": true
        },
        "model": "lunch.ingredientrelation",
        "pk": 3295
    },
    {
        "fields": {
            "food": 105,
            "ingredient": 115,
            "selected": true,
            "typical": false
        },
        "model": "lunch.ingredientrelation",
        "pk": 3296
    },
    {
        "fields": {
            "food": 105,
            "ingredient": 117,
            "selected": true,
            "typical": true
        },
        "model": "lunch.ingredientrelation",
        "pk": 3297
    },
    {
        "fields": {
            "food": 105,
            "ingredient": 152,
            "selected": false,
            "typical": true
        },
        "model": "lunch.ingredientrelation",
        "pk": 3298
    },
    {
        "fields": {
            "food": 782,
            "ingredient": 271,
            "selected": true,
            "typical": true
        },
        "model": "lunch.ingredientrelation",
        "pk": 3302
    }
]
